CASO,EDAD,GENERO,GENERO,VINCULO,PROVINCIA,ID PROVINCIA,MODALIDAD,FECHA
96,21,MUJER,0,PRINCIPAL,Córdoba,5,QUEMADURAS,2013-01-01
367,10,,3,VINCULADO,Buenos Aires,0,ACUCHILLAMIENTO,2013-01-02
367,34,MUJER,0,PRINCIPAL,Buenos Aires,0,ACUCHILLAMIENTO,2013-01-02
195,7,,3,PRINCIPAL,Misiones,13,OTROS,2013-01-09
303,63,MUJER,0,PRINCIPAL,Buenos Aires,0,GOLPES,2013-01-13
196,40,MUJER,0,PRINCIPAL,Misiones,13,ACUCHILLAMIENTO,2013-01-13
242,37,MUJER,0,PRINCIPAL,Mendoza,12,DISPARO DE BALA,2013-01-16
233,21,MUJER,0,PRINCIPAL,Neuquen,14,DISPARO DE BALA,2013-01-17
238,32,MUJER,0,PRINCIPAL,Santa Fe,20,APUÑALAMIENTO,2013-01-19
340,18,MUJER,0,PRINCIPAL,San Luis,18,DISPARO DE BALA,2013-01-19
428,26,MUJER,0,PRINCIPAL,Buenos Aires,0,,2013-01-30
350,78,MUJER,0,PRINCIPAL,Córdoba,5,DISPARO DE BALA,2013-02-06
124,31,MUJER,0,PRINCIPAL,Buenos Aires,0,QUEMADURAS,2013-02-08
176,47,MUJER,0,PRINCIPAL,Córdoba,5,ACUCHILLAMIENTO,2013-02-08
93,34,MUJER,0,PRINCIPAL,Ciudad Autónoma de Bs.As.,4,,2013-02-09
1096,20,MUJER,0,PRINCIPAL,Buenos Aires,0,OTROS,2013-02-10
281,22,MUJER,0,PRINCIPAL,Santiago del Estero,21,DISPARO DE BALA,2013-02-11
368,23,MUJER,0,PRINCIPAL,Entre Ríos,7,ESTRANGULAMIENTO,2013-02-11
357,25,MUJER,0,PRINCIPAL,Córdoba,5,,2013-02-12
682,23,MUJER,0,PRINCIPAL,Entre Ríos,7,GOLPES,2013-02-12
793,14,MUJER,0,PRINCIPAL,Buenos Aires,0,GOLPES,2013-02-12
197,47,MUJER,0,PRINCIPAL,Misiones,13,,2013-02-14
189,19,MUJER,0,PRINCIPAL,Buenos Aires,0,OTROS,2013-02-14
249,34,MUJER,0,PRINCIPAL,Chaco,2,DISPARO DE BALA,2013-02-17
351,25,MUJER,0,PRINCIPAL,Córdoba,5,ESTRANGULAMIENTO,2013-02-20
465,11,MUJER,0,PRINCIPAL,,,OTROS,2013-02-23
474,30,MUJER,0,PRINCIPAL,Jujuy,9,DISPARO DE BALA,2013-02-24
352,34,MUJER,0,PRINCIPAL,Córdoba,5,,2013-03-03
3,23,MUJER,0,PRINCIPAL,Catamarca,1,GOLPES,2013-03-05
464,25,MUJER,0,PRINCIPAL,Santa Fe,20,GOLPES,2013-03-07
321,21,MUJER,0,PRINCIPAL,,,ACUCHILLAMIENTO,2013-03-08
423,43,MUJER,0,PRINCIPAL,Córdoba,5,ACUCHILLAMIENTO,2013-03-08
354,46,MUJER,0,VINCULADO,Córdoba,5,ACUCHILLAMIENTO,2013-03-12
204,41,MUJER,0,PRINCIPAL,Santiago del Estero,21,ACUCHILLAMIENTO,2013-03-13
391,27,MUJER,0,PRINCIPAL,Salta,16,ACUCHILLAMIENTO,2013-03-13
144,21,MUJER,0,PRINCIPAL,Córdoba,5,DISPARO DE BALA,2013-03-17
97,24,MUJER,0,PRINCIPAL,Córdoba,5,DISPARO DE BALA,2013-03-24
469,19,MUJER,0,PRINCIPAL,Entre Ríos,7,DISPARO DE BALA,2013-03-24
370,48,,3,VINCULADO,Buenos Aires,0,DISPARO DE BALA,2013-03-25
230,30,MUJER,0,PRINCIPAL,,,DISPARO DE BALA,2013-03-25
95,38,MUJER,0,PRINCIPAL,Chaco,2,ACUCHILLAMIENTO,2013-03-26
346,31,TRANSGENERO,3,PRINCIPAL,Santa Fe,20,,2013-03-29
119,27,MUJER,0,PRINCIPAL,Santa Fe,20,QUEMADURAS,2013-03-30
236,36,MUJER,0,PRINCIPAL,,,,2013-03-31
73,25,MUJER,0,PRINCIPAL,Santa Fe,20,QUEMADURAS,2013-04-01
989,30,MUJER,0,PRINCIPAL,Tucumán,23,DISPARO DE BALA,2013-04-01
201,21,MUJER,0,PRINCIPAL,Misiones,13,DISPARO DE BALA,2013-04-06
200,24,MUJER,0,PRINCIPAL,Misiones,13,GOLPES,2013-04-06
568,33,MUJER,0,PRINCIPAL,Neuquen,14,DISPARO DE BALA,2013-04-18
282,55,MUJER,0,PRINCIPAL,Santiago del Estero,21,DISPARO DE BALA,2013-04-21
439,32,MUJER,0,PRINCIPAL,Córdoba,5,ACUCHILLAMIENTO,2013-04-21
285,34,,3,PRINCIPAL,Santiago del Estero,21,DISPARO DE BALA,2013-04-28
443,40,MUJER,0,PRINCIPAL,,,DISPARO DE BALA,2013-04-30
232,48,MUJER,0,PRINCIPAL,Corrientes,6,DEGOLLAMIENTO,2013-05-01
458,36,MUJER,0,PRINCIPAL,Buenos Aires,0,ACUCHILLAMIENTO,2013-05-01
440,21,MUJER,0,PRINCIPAL,Córdoba,5,ACUCHILLAMIENTO,2013-05-03
362,50,MUJER,0,PRINCIPAL,Buenos Aires,0,GOLPES,2013-05-06
389,21,,3,PRINCIPAL,Mendoza,12,ACUCHILLAMIENTO,2013-05-07
413,31,MUJER,0,PRINCIPAL,Córdoba,5,ASFIXIA,2013-05-07
309,32,TRANSGENERO,3,PRINCIPAL,Tierra del Fuego,22,ACUCHILLAMIENTO,2013-05-12
713,32,TRANSGENERO,3,PRINCIPAL,Tierra del Fuego,22,ACUCHILLAMIENTO,2013-05-12
107,31,MUJER,0,PRINCIPAL,Corrientes,6,GOLPES,2013-05-14
434,9,MUJER,0,PRINCIPAL,Salta,16,,2013-05-18
371,33,MUJER,0,PRINCIPAL,Buenos Aires,0,GOLPES,2013-05-20
178,52,MUJER,0,PRINCIPAL,Chaco,2,GOLPES,2013-05-22
962,30,MUJER,0,PRINCIPAL,Buenos Aires,0,AHORCAMIENTO,2013-05-22
339,34,MUJER,0,PRINCIPAL,San Juan,17,GOLPES,2013-05-26
60,53,MUJER,0,PRINCIPAL,Buenos Aires,0,,2013-05-29
463,3,,3,VINCULADO,Corrientes,6,DISPARO DE BALA,2013-05-30
463,7,,3,VINCULADO,Corrientes,6,DISPARO DE BALA,2013-05-30
287,29,MUJER,0,PRINCIPAL,Santiago del Estero,21,ACUCHILLAMIENTO,2013-06-01
183,33,MUJER,0,PRINCIPAL,Buenos Aires,0,GOLPES,2013-06-02
86,22,MUJER,0,PRINCIPAL,Buenos Aires,0,DISPARO DE BALA,2013-06-04
411,47,MUJER,0,PRINCIPAL,Córdoba,5,ACUCHILLAMIENTO,2013-06-08
78,16,MUJER,0,PRINCIPAL,Ciudad Autónoma de Bs.As.,4,GOLPES,2013-06-10
398,45,MUJER,0,PRINCIPAL,Buenos Aires,0,GOLPES,2013-06-12
471,30,MUJER,0,PRINCIPAL,Entre Ríos,7,ACUCHILLAMIENTO,2013-06-17
424,29,MUJER,0,PRINCIPAL,Córdoba,5,ACUCHILLAMIENTO,2013-06-18
80,25,MUJER,0,PRINCIPAL,Chubut,3,DISPARO DE BALA,2013-06-21
372,22,MUJER,0,PRINCIPAL,Córdoba,5,OTROS,2013-06-30
61,15,MUJER,0,PRINCIPAL,Chaco,2,,2013-06-30
74,34,MUJER,0,PRINCIPAL,Buenos Aires,0,,2013-07-06
462,21,MUJER,0,PRINCIPAL,Salta,16,ESTRANGULAMIENTO,2013-07-08
385,45,,3,PRINCIPAL,Mendoza,12,GOLPES,2013-07-12
455,22,MUJER,0,PRINCIPAL,Entre Ríos,7,OTROS,2013-07-15
85,38,MUJER,0,PRINCIPAL,Buenos Aires,0,ACUCHILLAMIENTO,2013-07-20
460,68,MUJER,0,PRINCIPAL,Río Negro,15,GOLPES,2013-07-26
288,41,MUJER,0,PRINCIPAL,Santiago del Estero,21,ACUCHILLAMIENTO,2013-07-27
431,67,MUJER,0,PRINCIPAL,Córdoba,5,GOLPES,2013-07-28
737,2,MUJER,0,VINCULADO,Buenos Aires,0,GOLPES,2013-08-17
373,15,MUJER,0,PRINCIPAL,Entre Ríos,7,DISPARO DE BALA,2013-08-18
467,41,MUJER,0,PRINCIPAL,Entre Ríos,7,ACUCHILLAMIENTO,2013-08-28
401,20,MUJER,0,PRINCIPAL,Buenos Aires,0,GOLPES,2013-08-31
329,11,,3,PRINCIPAL,Chubut,3,ESTRANGULAMIENTO,2013-09-02
250,41,MUJER,0,PRINCIPAL,Chaco,2,DISPARO DE BALA,2013-09-02
54,15,MUJER,0,PRINCIPAL,Buenos Aires,0,,2013-09-07
202,24,MUJER,0,PRINCIPAL,Misiones,13,DISPARO DE BALA,2013-09-15
203,29,MUJER,0,PRINCIPAL,Misiones,13,ACUCHILLAMIENTO,2013-09-21
104,35,MUJER,0,PRINCIPAL,Córdoba,5,DISPARO DE BALA,2013-09-26
341,16,MUJER,0,PRINCIPAL,San Juan,17,GOLPES,2013-09-28
53,19,MUJER,0,PRINCIPAL,Buenos Aires,0,ESTRANGULAMIENTO,2013-09-30
261,20,MUJER,0,PRINCIPAL,Catamarca,1,GOLPES,2013-10-04
319,35,MUJER,0,PRINCIPAL,,,GOLPES,2013-10-06
251,19,MUJER,0,PRINCIPAL,Chaco,2,ACUCHILLAMIENTO,2013-10-14
205,27,MUJER,0,PRINCIPAL,Misiones,13,DISPARO DE BALA,2013-10-17
205,25,MUJER,0,VINCULADO,Misiones,13,DISPARO DE BALA,2013-10-17
290,19,,3,PRINCIPAL,Santiago del Estero,21,ACUCHILLAMIENTO,2013-10-19
364,25,MUJER,0,PRINCIPAL,Buenos Aires,0,ESTRANGULAMIENTO,2013-10-20
291,53,,3,PRINCIPAL,Santiago del Estero,21,DISPARO DE BALA,2013-10-21
461,25,MUJER,0,PRINCIPAL,Buenos Aires,0,GOLPES,2013-10-25
252,41,MUJER,0,VINCULADO,Chaco,2,ACUCHILLAMIENTO,2013-10-26
252,21,MUJER,0,PRINCIPAL,Chaco,2,ACUCHILLAMIENTO,2013-10-26
420,35,MUJER,0,PRINCIPAL,Córdoba,5,ACUCHILLAMIENTO,2013-10-26
407,17,MUJER,0,PRINCIPAL,Buenos Aires,0,DISPARO DE BALA,2013-10-26
472,48,MUJER,0,PRINCIPAL,Entre Ríos,7,DISPARO DE BALA,2013-10-29
289,17,MUJER,0,PRINCIPAL,Santiago del Estero,21,GOLPES,2013-10-30
392,20,MUJER,0,PRINCIPAL,Buenos Aires,0,ESTRANGULAMIENTO,2013-10-30
415,26,MUJER,0,PRINCIPAL,San Luis,18,DISPARO DE BALA,2013-11-04
436,10,,3,VINCULADO,Córdoba,5,DISPARO DE BALA,2013-11-05
436,12,,3,VINCULADO,Córdoba,5,DISPARO DE BALA,2013-11-05
366,20,MUJER,0,PRINCIPAL,Buenos Aires,0,ACUCHILLAMIENTO,2013-11-07
323,30,MUJER,0,PRINCIPAL,Formosa,8,ACUCHILLAMIENTO,2013-11-10
429,24,MUJER,0,PRINCIPAL,Córdoba,5,GOLPES,2013-11-16
330,63,MUJER,0,PRINCIPAL,Buenos Aires,0,APUÑALAMIENTO,2013-11-20
400,49,MUJER,0,PRINCIPAL,Buenos Aires,0,ACUCHILLAMIENTO,2013-11-20
206,27,MUJER,0,PRINCIPAL,Misiones,13,GOLPES,2013-11-22
69,49,MUJER,0,PRINCIPAL,Buenos Aires,0,DISPARO DE BALA,2013-11-23
69,23,MUJER,0,VINCULADO,Buenos Aires,0,DISPARO DE BALA,2013-11-23
414,40,MUJER,0,PRINCIPAL,Córdoba,5,QUEMADURAS,2013-11-24
374,43,MUJER,0,PRINCIPAL,Buenos Aires,0,DISPARO DE BALA,2013-11-25
185,24,MUJER,0,PRINCIPAL,,,,2013-11-25
106,52,,3,PRINCIPAL,Corrientes,6,QUEMADURAS,2013-12-02
438,23,MUJER,0,PRINCIPAL,Córdoba,5,DISPARO DE BALA,2013-12-02
433,42,MUJER,0,PRINCIPAL,Córdoba,5,ACUCHILLAMIENTO,2013-12-04
985,32,MUJER,0,PRINCIPAL,Santa Fe,20,QUEMADURAS,2013-12-09
416,16,MUJER,0,PRINCIPAL,Córdoba,5,DISPARO DE BALA,2013-12-12
363,13,MUJER,0,PRINCIPAL,Catamarca,1,ESTRANGULAMIENTO,2013-12-14
399,35,MUJER,0,PRINCIPAL,Buenos Aires,0,DISPARO DE BALA,2013-12-17
435,27,MUJER,0,PRINCIPAL,Córdoba,5,ASFIXIA,2013-12-19
286,69,MUJER,0,PRINCIPAL,Ciudad Autónoma de Bs.As.,4,ASFIXIA,2013-12-26
208,19,MUJER,0,PRINCIPAL,Misiones,13,GOLPES,2013-12-30
43,21,MUJER,0,VINCULADO,Misiones,13,,2014-01-05
42,22,MUJER,0,VINCULADO,Misiones,13,ATROPELLAMIENTO,2014-01-05
587,3,MUJER,0,PRINCIPAL,Mendoza,12,GOLPES,2014-01-07
292,23,MUJER,0,PRINCIPAL,Santiago del Estero,21,QUEMADURAS,2014-01-10
489,16,MUJER,0,PRINCIPAL,Buenos Aires,0,GOLPES,2014-01-10
254,27,MUJER,0,PRINCIPAL,Chaco,2,ACUCHILLAMIENTO,2014-01-13
11,38,MUJER,0,PRINCIPAL,Buenos Aires,0,ASFIXIA,2014-01-16
100,51,MUJER,0,PRINCIPAL,Córdoba,5,ACUCHILLAMIENTO,2014-01-18
255,17,MUJER,0,PRINCIPAL,Chaco,2,DISPARO DE BALA,2014-01-24
782,40,MUJER,0,PRINCIPAL,Córdoba,5,,2014-01-24
98,35,MUJER,0,PRINCIPAL,Córdoba,5,DISPARO DE BALA,2014-01-26
213,54,MUJER,0,PRINCIPAL,Misiones,13,DISPARO DE BALA,2014-01-29
375,53,MUJER,0,PRINCIPAL,Buenos Aires,0,DISPARO DE BALA,2014-02-11
273,43,MUJER,0,PRINCIPAL,Corrientes,6,DISPARO DE BALA,2014-02-14
33,29,MUJER,0,PRINCIPAL,Córdoba,5,,2014-02-16
294,43,MUJER,0,PRINCIPAL,Santiago del Estero,21,ACUCHILLAMIENTO,2014-02-19
344,42,MUJER,0,PRINCIPAL,Santiago del Estero,21,ACUCHILLAMIENTO,2014-02-19
88,28,MUJER,0,PRINCIPAL,Buenos Aires,0,ACUCHILLAMIENTO,2014-02-19
497,53,MUJER,0,PRINCIPAL,Santa Fe,20,GOLPES,2014-02-19
258,23,MUJER,0,PRINCIPAL,Chaco,2,ESTRANGULAMIENTO,2014-02-20
810,23,,3,PRINCIPAL,Chaco,2,ACUCHILLAMIENTO,2014-02-20
265,12,MUJER,0,PRINCIPAL,Buenos Aires,0,ASFIXIA,2014-02-23
112,47,MUJER,0,PRINCIPAL,Entre Ríos,7,AHORCAMIENTO,2014-02-27
572,66,MUJER,0,PRINCIPAL,Misiones,13,,2014-02-28
693,20,MUJER,0,PRINCIPAL,Salta,16,GOLPES,2014-03-06
295,43,MUJER,0,PRINCIPAL,Santiago del Estero,21,DISPARO DE BALA,2014-03-07
312,25,MUJER,0,PRINCIPAL,Buenos Aires,0,ESTRANGULAMIENTO,2014-03-07
214,24,MUJER,0,PRINCIPAL,Misiones,13,GOLPES,2014-03-08
510,21,MUJER,0,PRINCIPAL,,,,2014-03-08
215,17,,3,PRINCIPAL,Misiones,13,DISPARO DE BALA,2014-03-09
110,24,MUJER,0,PRINCIPAL,Entre Ríos,7,ACUCHILLAMIENTO,2014-03-10
488,17,MUJER,0,PRINCIPAL,Buenos Aires,0,,2014-03-10
296,43,MUJER,0,PRINCIPAL,Santiago del Estero,21,GOLPES,2014-03-13
212,29,MUJER,0,PRINCIPAL,,,GOLPES,2014-03-13
2,32,MUJER,0,PRINCIPAL,Buenos Aires,0,ACUCHILLAMIENTO,2014-03-27
1029,36,,3,PRINCIPAL,Ciudad Autónoma de Bs.As.,4,ASFIXIA,2014-03-28
122,23,MUJER,0,PRINCIPAL,Entre Ríos,7,DISPARO DE BALA,2014-04-01
23,57,MUJER,0,PRINCIPAL,Mendoza,12,GOLPES,2014-04-02
57,25,MUJER,0,PRINCIPAL,Jujuy,9,,2014-04-05
376,32,MUJER,0,PRINCIPAL,Buenos Aires,0,GOLPES,2014-04-06
111,30,MUJER,0,PRINCIPAL,Entre Ríos,7,ACUCHILLAMIENTO,2014-04-10
149,65,MUJER,0,PRINCIPAL,Buenos Aires,0,ACUCHILLAMIENTO,2014-04-10
68,38,MUJER,0,PRINCIPAL,Buenos Aires,0,,2014-04-14
102,44,MUJER,0,PRINCIPAL,Córdoba,5,ACUCHILLAMIENTO,2014-04-15
259,25,MUJER,0,PRINCIPAL,Chaco,2,DISPARO DE BALA,2014-04-16
199,35,MUJER,0,PRINCIPAL,Río Negro,15,ACUCHILLAMIENTO,2014-04-20
260,50,TRANSGENERO,3,PRINCIPAL,Chaco,2,GOLPES,2014-04-23
365,34,MUJER,0,PRINCIPAL,Ciudad Autónoma de Bs.As.,4,GOLPES,2014-04-28
263,18,MUJER,0,PRINCIPAL,Chaco,2,,2014-04-30
264,28,,3,PRINCIPAL,Chaco,2,GOLPES,2014-05-03
175,22,MUJER,0,PRINCIPAL,Salta,16,,2014-05-04
216,56,MUJER,0,PRINCIPAL,Misiones,13,ACUCHILLAMIENTO,2014-05-04
412,40,MUJER,0,PRINCIPAL,Buenos Aires,0,ACUCHILLAMIENTO,2014-05-05
327,28,MUJER,0,PRINCIPAL,Buenos Aires,0,DISPARO DE BALA,2014-05-06
243,69,MUJER,0,PRINCIPAL,Mendoza,12,ACUCHILLAMIENTO,2014-05-09
405,11,MUJER,0,VINCULADO,Buenos Aires,0,QUEMADURAS,2014-05-10
405,38,MUJER,0,PRINCIPAL,Buenos Aires,0,QUEMADURAS,2014-05-10
405,10,MUJER,0,VINCULADO,Buenos Aires,0,QUEMADURAS,2014-05-10
405,5,MUJER,0,VINCULADO,Buenos Aires,0,QUEMADURAS,2014-05-10
405,13,MUJER,0,VINCULADO,Buenos Aires,0,QUEMADURAS,2014-05-10
530,22,MUJER,0,PRINCIPAL,Buenos Aires,0,DISPARO DE BALA,2014-05-12
515,16,MUJER,0,PRINCIPAL,Salta,16,ESTRANGULAMIENTO,2014-05-12
5,49,MUJER,0,PRINCIPAL,Buenos Aires,0,OTROS,2014-05-18
113,25,MUJER,0,PRINCIPAL,Entre Ríos,7,ESTRANGULAMIENTO,2014-05-18
101,34,MUJER,0,PRINCIPAL,Córdoba,5,,2014-05-19
297,36,MUJER,0,PRINCIPAL,Santiago del Estero,21,GOLPES,2014-05-23
509,17,MUJER,0,PRINCIPAL,Buenos Aires,0,DISPARO DE BALA,2014-05-25
509,19,MUJER,0,VINCULADO,Buenos Aires,0,DISPARO DE BALA,2014-05-25
326,41,MUJER,0,PRINCIPAL,Buenos Aires,0,DISPARO DE BALA,2014-05-28
514,17,MUJER,0,PRINCIPAL,Buenos Aires,0,GOLPES,2014-05-30
865,78,MUJER,0,PRINCIPAL,Santiago del Estero,21,GOLPES,2014-06-01
159,39,MUJER,0,PRINCIPAL,Neuquen,14,DISPARO DE BALA,2014-06-14
298,26,MUJER,0,PRINCIPAL,Santiago del Estero,21,ACUCHILLAMIENTO,2014-06-15
335,21,MUJER,0,PRINCIPAL,Buenos Aires,0,GOLPES,2014-06-17
244,33,,3,PRINCIPAL,Mendoza,12,ACUCHILLAMIENTO,2014-06-19
377,63,MUJER,0,PRINCIPAL,Ciudad Autónoma de Bs.As.,4,ACUCHILLAMIENTO,2014-06-21
377,86,MUJER,0,PRINCIPAL,Ciudad Autónoma de Bs.As.,4,ACUCHILLAMIENTO,2014-06-21
299,43,MUJER,0,PRINCIPAL,Santiago del Estero,21,GOLPES,2014-06-24
139,42,MUJER,0,PRINCIPAL,Córdoba,5,GOLPES,2014-06-29
114,36,,3,PRINCIPAL,Entre Ríos,7,DISPARO DE BALA,2014-07-03
959,24,MUJER,0,PRINCIPAL,Tucumán,23,DISPARO DE BALA,2014-07-06
378,37,MUJER,0,PRINCIPAL,Buenos Aires,0,ACUCHILLAMIENTO,2014-07-07
180,19,MUJER,0,PRINCIPAL,Salta,16,GOLPES,2014-07-13
334,21,MUJER,0,PRINCIPAL,,,ACUCHILLAMIENTO,2014-07-15
379,27,MUJER,0,PRINCIPAL,Buenos Aires,0,GOLPES,2014-07-18
31,41,MUJER,0,PRINCIPAL,Córdoba,5,ACUCHILLAMIENTO,2014-07-23
87,15,MUJER,0,PRINCIPAL,Buenos Aires,0,,2014-07-23
45,47,MUJER,0,PRINCIPAL,Salta,16,GOLPES,2014-07-25
382,26,MUJER,0,PRINCIPAL,Salta,16,DISPARO DE BALA,2014-07-28
115,38,,3,PRINCIPAL,Entre Ríos,7,ACUCHILLAMIENTO,2014-07-31
224,23,MUJER,0,PRINCIPAL,Mendoza,12,GOLPES,2014-08-03
513,19,MUJER,0,PRINCIPAL,,,DISPARO DE BALA,2014-08-06
300,50,MUJER,0,PRINCIPAL,Santiago del Estero,21,ACUCHILLAMIENTO,2014-08-10
388,59,MUJER,0,PRINCIPAL,Mendoza,12,GOLPES,2014-08-11
4,26,MUJER,0,PRINCIPAL,Santiago del Estero,21,DISPARO DE BALA,2014-08-13
8,45,MUJER,0,PRINCIPAL,Mendoza,12,DISPARO DE BALA,2014-08-14
257,21,MUJER,0,PRINCIPAL,,,ACUCHILLAMIENTO,2014-08-14
129,44,MUJER,0,PRINCIPAL,Buenos Aires,0,ACUCHILLAMIENTO,2014-08-14
332,58,MUJER,0,VINCULADO,Buenos Aires,0,APUÑALAMIENTO,2014-08-15
332,83,MUJER,0,VINCULADO,Buenos Aires,0,APUÑALAMIENTO,2014-08-15
331,28,MUJER,0,PRINCIPAL,Buenos Aires,0,DISPARO DE BALA,2014-08-16
211,24,MUJER,0,PRINCIPAL,,,OTROS,2014-08-17
324,27,MUJER,0,PRINCIPAL,La Pampa,10,GOLPES,2014-08-19
247,14,MUJER,0,PRINCIPAL,,,ESTRANGULAMIENTO,2014-08-21
486,3,MUJER,0,PRINCIPAL,Buenos Aires,0,GOLPES,2014-08-21
7,16,MUJER,0,PRINCIPAL,Buenos Aires,0,ASFIXIA,2014-08-23
302,25,MUJER,0,PRINCIPAL,Ciudad Autónoma de Bs.As.,4,ACUCHILLAMIENTO,2014-09-03
9,7,MUJER,0,VINCULADO,Buenos Aires,0,ACUCHILLAMIENTO,2014-09-04
35,32,MUJER,0,PRINCIPAL,Corrientes,6,,2014-09-06
404,43,MUJER,0,PRINCIPAL,,,OTROS,2014-09-06
51,38,MUJER,0,PRINCIPAL,Salta,16,GOLPES,2014-09-08
267,18,MUJER,0,PRINCIPAL,Chaco,2,ACUCHILLAMIENTO,2014-09-08
50,17,MUJER,0,PRINCIPAL,,,,2014-09-09
20,34,MUJER,0,PRINCIPAL,Córdoba,5,ACUCHILLAMIENTO,2014-09-13
333,13,MUJER,0,PRINCIPAL,,,ESTRANGULAMIENTO,2014-09-17
21,36,MUJER,0,PRINCIPAL,Córdoba,5,ACUCHILLAMIENTO,2014-09-21
234,19,MUJER,0,PRINCIPAL,Río Negro,15,GOLPES,2014-09-21
40,44,MUJER,0,VINCULADO,Mendoza,12,DISPARO DE BALA,2014-09-21
337,38,MUJER,0,PRINCIPAL,Buenos Aires,0,ACUCHILLAMIENTO,2014-09-25
6,39,MUJER,0,PRINCIPAL,Buenos Aires,0,,2014-09-25
49,38,MUJER,0,PRINCIPAL,Tucumán,23,,2014-09-30
19,33,MUJER,0,PRINCIPAL,Chaco,2,ACUCHILLAMIENTO,2014-10-09
322,29,MUJER,0,PRINCIPAL,Ciudad Autónoma de Bs.As.,4,DISPARO DE BALA,2014-10-09
269,43,MUJER,0,PRINCIPAL,Chaco,2,DISPARO DE BALA,2014-10-11
973,29,MUJER,0,PRINCIPAL,Santa Fe,20,DISPARO DE BALA,2014-10-11
270,22,MUJER,0,PRINCIPAL,Chaco,2,DISPARO DE BALA,2014-10-13
217,24,MUJER,0,PRINCIPAL,Misiones,13,ASFIXIA,2014-10-18
27,33,MUJER,0,PRINCIPAL,Córdoba,5,ACUCHILLAMIENTO,2014-10-20
38,22,MUJER,0,PRINCIPAL,Entre Ríos,7,GOLPES,2014-10-24
218,14,,3,PRINCIPAL,Río Negro,15,ESTRANGULAMIENTO,2014-10-24
256,48,MUJER,0,PRINCIPAL,Santa Cruz,19,ASFIXIA,2014-10-25
493,48,MUJER,0,PRINCIPAL,Buenos Aires,0,DEGOLLAMIENTO,2014-10-28
237,18,MUJER,0,PRINCIPAL,Santa Fe,20,DISPARO DE BALA,2014-11-02
116,32,MUJER,0,PRINCIPAL,Entre Ríos,7,,2014-11-02
120,23,MUJER,0,PRINCIPAL,Santa Fe,20,,2014-11-04
490,36,TRANSGENERO,3,PRINCIPAL,Buenos Aires,0,GOLPES,2014-11-06
118,20,MUJER,0,PRINCIPAL,Salta,16,ASFIXIA,2014-11-08
219,23,MUJER,0,PRINCIPAL,Misiones,13,DISPARO DE BALA,2014-11-08
311,40,MUJER,0,PRINCIPAL,Buenos Aires,0,DISPARO DE BALA,2014-11-14
1310,33,MUJER,0,PRINCIPAL,Ciudad Autónoma de Bs.As.,4,DISPARO DE BALA,2014-11-14
151,16,MUJER,0,PRINCIPAL,Buenos Aires,0,ASFIXIA,2014-11-16
1046,38,MUJER,0,PRINCIPAL,Tucumán,23,DISPARO DE BALA,2014-11-16
310,47,MUJER,0,PRINCIPAL,Río Negro,15,GOLPES,2014-11-20
125,48,MUJER,0,PRINCIPAL,Chubut,3,DISPARO DE BALA,2014-11-23
126,17,MUJER,0,VINCULADO,Chubut,3,DISPARO DE BALA,2014-11-23
491,55,TRANSGENERO,3,PRINCIPAL,Buenos Aires,0,ACUCHILLAMIENTO,2014-11-25
418,37,MUJER,0,VINCULADO,Buenos Aires,0,,2014-11-26
418,61,MUJER,0,PRINCIPAL,Buenos Aires,0,,2014-11-26
387,39,,3,PRINCIPAL,Mendoza,12,GOLPES,2014-11-28
345,64,MUJER,0,PRINCIPAL,Salta,16,GOLPES,2014-11-30
30,40,MUJER,0,PRINCIPAL,Córdoba,5,,2014-12-02
492,24,TRANSGENERO,3,PRINCIPAL,Santiago del Estero,21,ATROPELLAMIENTO,2014-12-03
148,35,MUJER,0,PRINCIPAL,Salta,16,ACUCHILLAMIENTO,2014-12-04
239,34,MUJER,0,PRINCIPAL,Salta,16,ACUCHILLAMIENTO,2014-12-04
349,22,MUJER,0,PRINCIPAL,Santa Fe,20,ESTRANGULAMIENTO,2014-12-06
338,40,MUJER,0,PRINCIPAL,San Luis,18,ACUCHILLAMIENTO,2014-12-07
508,19,MUJER,0,PRINCIPAL,Salta,16,ACUCHILLAMIENTO,2014-12-07
314,18,MUJER,0,PRINCIPAL,,,ASFIXIA,2014-12-09
22,33,MUJER,0,PRINCIPAL,Córdoba,5,,2014-12-11
181,41,,3,PRINCIPAL,Santa Fe,20,QUEMADURAS,2014-12-12
336,40,MUJER,0,PRINCIPAL,Corrientes,6,DISPARO DE BALA,2014-12-13
325,55,MUJER,0,PRINCIPAL,La Pampa,10,DISPARO DE BALA,2014-12-14
221,44,MUJER,0,PRINCIPAL,Misiones,13,ACUCHILLAMIENTO,2014-12-18
403,24,MUJER,0,PRINCIPAL,Buenos Aires,0,GOLPES,2014-12-20
397,25,MUJER,0,PRINCIPAL,Santa Fe,20,DISPARO DE BALA,2014-12-22
307,31,TRANSGENERO,3,PRINCIPAL,Salta,16,GOLPES,2014-12-24
76,26,MUJER,0,PRINCIPAL,Río Negro,15,,2014-12-28
141,36,MUJER,0,PRINCIPAL,Córdoba,5,ACUCHILLAMIENTO,2014-12-28
222,52,MUJER,0,PRINCIPAL,Misiones,13,GOLPES,2014-12-29
272,25,MUJER,0,PRINCIPAL,Chaco,2,ASFIXIA,2015-01-01
162,36,MUJER,0,PRINCIPAL,Santa Fe,20,,2015-01-05
15,21,MUJER,0,PRINCIPAL,Buenos Aires,0,,2015-01-06
226,40,MUJER,0,PRINCIPAL,Misiones,13,GOLPES,2015-01-06
13,18,MUJER,0,PRINCIPAL,Buenos Aires,0,GOLPES,2015-01-09
12,19,MUJER,0,PRINCIPAL,Buenos Aires,0,ACUCHILLAMIENTO,2015-01-12
315,31,MUJER,0,PRINCIPAL,Misiones,13,QUEMADURAS,2015-01-13
34,31,MUJER,0,PRINCIPAL,Córdoba,5,,2015-01-15
165,29,MUJER,0,PRINCIPAL,Buenos Aires,0,ESTRANGULAMIENTO,2015-01-17
381,29,MUJER,0,PRINCIPAL,Corrientes,6,DISPARO DE BALA,2015-01-18
235,63,MUJER,0,PRINCIPAL,Salta,16,ACUCHILLAMIENTO,2015-01-20
164,23,MUJER,0,PRINCIPAL,Santa Fe,20,ACUCHILLAMIENTO,2015-01-21
293,18,MUJER,0,PRINCIPAL,Santiago del Estero,21,ACUCHILLAMIENTO,2015-01-25
240,20,MUJER,0,PRINCIPAL,Santa Cruz,19,ACUCHILLAMIENTO,2015-01-25
640,60,MUJER,0,PRINCIPAL,Salta,16,GOLPES,2015-01-25
29,34,MUJER,0,PRINCIPAL,Córdoba,5,,2015-01-28
476,2,,3,VINCULADO,Misiones,13,,2015-01-29
140,34,MUJER,0,PRINCIPAL,Buenos Aires,0,ACUCHILLAMIENTO,2015-01-30
28,24,MUJER,0,PRINCIPAL,Santa Fe,20,DISPARO DE BALA,2015-02-01
720,21,MUJER,0,PRINCIPAL,Jujuy,9,AHORCAMIENTO,2015-02-01
142,51,MUJER,0,PRINCIPAL,Córdoba,5,ASFIXIA,2015-02-03
997,21,MUJER,0,PRINCIPAL,Jujuy,9,ESTRANGULAMIENTO,2015-02-03
313,46,MUJER,0,PRINCIPAL,Entre Ríos,7,DISPARO DE BALA,2015-02-07
1033,30,MUJER,0,PRINCIPAL,Formosa,8,GOLPES,2015-02-09
163,18,MUJER,0,PRINCIPAL,Santa Fe,20,ESTRANGULAMIENTO,2015-02-13
386,57,,3,PRINCIPAL,Mendoza,12,DISPARO DE BALA,2015-02-13
597,18,MUJER,0,PRINCIPAL,La Rioja,11,DISPARO DE BALA,2015-02-14
47,58,MUJER,0,PRINCIPAL,Santa Fe,20,APUÑALAMIENTO,2015-02-23
84,22,MUJER,0,PRINCIPAL,Buenos Aires,0,QUEMADURAS,2015-02-23
18,44,MUJER,0,PRINCIPAL,Ciudad Autónoma de Bs.As.,4,,2015-02-24
17,19,MUJER,0,VINCULADO,Ciudad Autónoma de Bs.As.,4,,2015-02-24
169,27,MUJER,0,PRINCIPAL,Buenos Aires,0,ACUCHILLAMIENTO,2015-03-01
716,33,TRANSGENERO,3,PRINCIPAL,Mendoza,12,ACUCHILLAMIENTO,2015-03-01
615,34,MUJER,0,PRINCIPAL,Córdoba,5,ASFIXIA,2015-03-04
143,35,MUJER,0,PRINCIPAL,Córdoba,5,ESTRANGULAMIENTO,2015-03-11
453,47,MUJER,0,PRINCIPAL,Entre Ríos,7,QUEMADURAS,2015-03-12
94,19,MUJER,0,PRINCIPAL,Ciudad Autónoma de Bs.As.,4,ASFIXIA,2015-03-14
539,20,MUJER,0,PRINCIPAL,Buenos Aires,0,ASFIXIA,2015-03-14
168,44,,3,PRINCIPAL,Corrientes,6,ACUCHILLAMIENTO,2015-03-15
91,26,MUJER,0,PRINCIPAL,Ciudad Autónoma de Bs.As.,4,,2015-03-16
887,44,MUJER,0,PRINCIPAL,Corrientes,6,GOLPES,2015-03-16
317,17,MUJER,0,PRINCIPAL,Corrientes,6,,2015-03-18
451,40,MUJER,0,PRINCIPAL,Entre Ríos,7,ACUCHILLAMIENTO,2015-03-18
10,26,MUJER,0,PRINCIPAL,Buenos Aires,0,,2015-03-20
227,48,MUJER,0,PRINCIPAL,Misiones,13,ACUCHILLAMIENTO,2015-03-23
619,38,MUJER,0,PRINCIPAL,Chubut,3,AHORCAMIENTO,2015-03-23
457,15,,3,VINCULADO,Buenos Aires,0,ASFIXIA,2015-03-27
598,64,MUJER,0,PRINCIPAL,Buenos Aires,0,DEGOLLAMIENTO,2015-03-27
623,21,MUJER,0,PRINCIPAL,Córdoba,5,,2015-03-27
271,22,MUJER,0,PRINCIPAL,San Luis,18,DISPARO DE BALA,2015-03-29
146,43,MUJER,0,PRINCIPAL,Córdoba,5,ACUCHILLAMIENTO,2015-03-30
274,40,MUJER,0,PRINCIPAL,Chaco,2,ACUCHILLAMIENTO,2015-04-01
161,23,MUJER,0,PRINCIPAL,Neuquen,14,DESBARRANCAMIENTO,2015-04-04
228,16,MUJER,0,PRINCIPAL,Misiones,13,ACUCHILLAMIENTO,2015-04-07
277,29,MUJER,0,PRINCIPAL,Buenos Aires,0,DISPARO DE BALA,2015-04-08
150,26,MUJER,0,PRINCIPAL,Ciudad Autónoma de Bs.As.,4,ACUCHILLAMIENTO,2015-04-09
179,22,MUJER,0,PRINCIPAL,Corrientes,6,GOLPES,2015-04-09
147,50,MUJER,0,PRINCIPAL,Córdoba,5,DISPARO DE BALA,2015-04-10
170,26,MUJER,0,PRINCIPAL,Río Negro,15,,2015-04-10
59,30,MUJER,0,PRINCIPAL,Buenos Aires,0,,2015-04-11
348,38,MUJER,0,PRINCIPAL,Santa Fe,20,DISPARO DE BALA,2015-04-14
58,27,MUJER,0,PRINCIPAL,Buenos Aires,0,,2015-04-14
160,32,MUJER,0,PRINCIPAL,Ciudad Autónoma de Bs.As.,4,DISPARO DE BALA,2015-04-15
347,55,MUJER,0,PRINCIPAL,Santa Fe,20,DISPARO DE BALA,2015-04-16
613,25,MUJER,0,PRINCIPAL,Jujuy,9,ASFIXIA,2015-04-18
452,7,,3,VINCULADO,Entre Ríos,7,OTROS,2015-04-20
308,16,MUJER,0,PRINCIPAL,Buenos Aires,0,DISPARO DE BALA,2015-04-21
275,71,MUJER,0,PRINCIPAL,Chaco,2,GOLPES,2015-04-22
229,12,MUJER,0,PRINCIPAL,Misiones,13,ESTRANGULAMIENTO,2015-04-22
529,44,,3,PRINCIPAL,Buenos Aires,0,DISPARO DE BALA,2015-04-29
171,32,MUJER,0,PRINCIPAL,Chaco,2,GOLPES,2015-05-01
128,49,,3,PRINCIPAL,,,ACUCHILLAMIENTO,2015-05-02
152,24,MUJER,0,PRINCIPAL,Ciudad Autónoma de Bs.As.,4,ESTRANGULAMIENTO,2015-05-04
62,14,MUJER,0,PRINCIPAL,Santa Fe,20,DEGOLLAMIENTO,2015-05-10
268,74,MUJER,0,PRINCIPAL,,,DISPARO DE BALA,2015-05-12
246,56,MUJER,0,PRINCIPAL,Mendoza,12,ACUCHILLAMIENTO,2015-05-15
996,51,MUJER,0,PRINCIPAL,Jujuy,9,GOLPES,2015-05-19
108,16,MUJER,0,PRINCIPAL,Corrientes,6,ASFIXIA,2015-05-21
105,51,MUJER,0,PRINCIPAL,Córdoba,5,ACUCHILLAMIENTO,2015-05-21
456,15,MUJER,0,PRINCIPAL,Buenos Aires,0,DISPARO DE BALA,2015-05-21
89,18,MUJER,0,PRINCIPAL,Buenos Aires,0,GOLPES,2015-05-23
184,23,MUJER,0,PRINCIPAL,Buenos Aires,0,OTROS,2015-05-25
394,22,,3,PRINCIPAL,Buenos Aires,0,QUEMADURAS,2015-05-28
90,43,,3,PRINCIPAL,Buenos Aires,0,ACUCHILLAMIENTO,2015-05-29
154,53,MUJER,0,PRINCIPAL,Jujuy,9,,2015-05-29
304,16,MUJER,0,VINCULADO,Corrientes,6,,2015-06-03
487,60,MUJER,0,PRINCIPAL,Chubut,3,DISPARO DE BALA,2015-06-03
121,39,TRANSGENERO,3,PRINCIPAL,Buenos Aires,0,DISPARO DE BALA,2015-06-05
67,42,MUJER,0,PRINCIPAL,Santiago del Estero,21,DISPARO DE BALA,2015-06-06
220,1,MUJER,0,PRINCIPAL,,,GOLPES,2015-06-10
209,23,MUJER,0,PRINCIPAL,Santiago del Estero,21,ACUCHILLAMIENTO,2015-06-12
279,17,MUJER,0,PRINCIPAL,Chaco,2,GOLPES,2015-06-17
276,39,MUJER,0,PRINCIPAL,Corrientes,6,ACUCHILLAMIENTO,2015-06-18
188,25,MUJER,0,PRINCIPAL,Buenos Aires,0,OTROS,2015-06-19
109,20,MUJER,0,PRINCIPAL,Buenos Aires,0,GOLPES,2015-06-27
123,17,MUJER,0,PRINCIPAL,Buenos Aires,0,ACUCHILLAMIENTO,2015-07-01
127,22,MUJER,0,PRINCIPAL,Salta,16,GOLPES,2015-07-02
174,21,,3,PRINCIPAL,Salta,16,QUEMADURAS,2015-07-06
145,40,MUJER,0,PRINCIPAL,Buenos Aires,0,ACUCHILLAMIENTO,2015-07-08
157,49,MUJER,0,PRINCIPAL,La Pampa,10,DISPARO DE BALA,2015-07-12
172,31,MUJER,0,PRINCIPAL,Santiago del Estero,21,ACUCHILLAMIENTO,2015-07-13
481,81,MUJER,0,PRINCIPAL,Buenos Aires,0,GOLPES,2015-07-15
393,16,,3,PRINCIPAL,Buenos Aires,0,DISPARO DE BALA,2015-07-18
190,13,,3,PRINCIPAL,Jujuy,9,,2015-07-19
475,22,MUJER,0,PRINCIPAL,Buenos Aires,0,ACUCHILLAMIENTO,2015-07-19
734,24,MUJER,0,PRINCIPAL,Mendoza,12,,2015-07-19
186,20,MUJER,0,PRINCIPAL,Ciudad Autónoma de Bs.As.,4,DISPARO DE BALA,2015-07-24
187,34,TRANSGENERO,3,PRINCIPAL,Córdoba,5,ASFIXIA,2015-07-25
191,34,MUJER,0,PRINCIPAL,Santiago del Estero,21,ACUCHILLAMIENTO,2015-07-26
198,47,MUJER,0,PRINCIPAL,,,DISPARO DE BALA,2015-07-27
231,30,MUJER,0,PRINCIPAL,San Luis,18,GOLPES,2015-07-29
193,23,MUJER,0,PRINCIPAL,Buenos Aires,0,ACUCHILLAMIENTO,2015-07-30
445,52,MUJER,0,PRINCIPAL,Buenos Aires,0,GOLPES,2015-07-31
479,38,MUJER,0,PRINCIPAL,Buenos Aires,0,QUEMADURAS,2015-08-02
248,16,MUJER,0,PRINCIPAL,Salta,16,ASFIXIA,2015-08-03
482,24,MUJER,0,PRINCIPAL,Buenos Aires,0,GOLPES,2015-08-13
409,52,MUJER,0,PRINCIPAL,Buenos Aires,0,ESTRANGULAMIENTO,2015-08-15
449,16,MUJER,0,PRINCIPAL,Misiones,13,ACUCHILLAMIENTO,2015-08-16
480,42,MUJER,0,PRINCIPAL,Buenos Aires,0,GOLPES,2015-08-19
502,44,MUJER,0,PRINCIPAL,Buenos Aires,0,ACUCHILLAMIENTO,2015-08-21
448,33,MUJER,0,PRINCIPAL,Buenos Aires,0,OTROS,2015-08-22
444,39,MUJER,0,PRINCIPAL,Buenos Aires,0,ACUCHILLAMIENTO,2015-08-24
447,25,MUJER,0,PRINCIPAL,Córdoba,5,GOLPES,2015-08-24
478,73,MUJER,0,PRINCIPAL,Buenos Aires,0,,2015-08-24
442,17,MUJER,0,PRINCIPAL,Entre Ríos,7,,2015-08-25
446,35,MUJER,0,PRINCIPAL,Buenos Aires,0,DISPARO DE BALA,2015-08-25
446,8,,3,VINCULADO,Buenos Aires,0,DISPARO DE BALA,2015-08-25
473,46,MUJER,0,PRINCIPAL,Corrientes,6,GOLPES,2015-08-27
569,49,MUJER,0,PRINCIPAL,Neuquen,14,QUEMADURAS,2015-08-27
450,51,MUJER,0,PRINCIPAL,Buenos Aires,0,DISPARO DE BALA,2015-08-31
454,50,MUJER,0,PRINCIPAL,Entre Ríos,7,GOLPES,2015-08-31
533,41,MUJER,0,PRINCIPAL,Ciudad Autónoma de Bs.As.,4,QUEMADURAS,2015-09-05
483,24,MUJER,0,PRINCIPAL,Santa Fe,20,DISPARO DE BALA,2015-09-12
484,36,MUJER,0,PRINCIPAL,Neuquen,14,DISPARO DE BALA,2015-09-12
494,25,MUJER,0,PRINCIPAL,Buenos Aires,0,GOLPES,2015-09-18
527,17,MUJER,0,PRINCIPAL,Buenos Aires,0,,2015-09-18
495,27,MUJER,0,PRINCIPAL,Mendoza,12,GOLPES,2015-09-20
503,53,MUJER,0,PRINCIPAL,Salta,16,ACUCHILLAMIENTO,2015-09-20
192,20,MUJER,0,PRINCIPAL,Neuquen,14,DISPARO DE BALA,2015-09-21
523,59,TRANSGENERO,3,PRINCIPAL,Santa Fe,20,ACUCHILLAMIENTO,2015-09-25
507,44,MUJER,0,PRINCIPAL,Buenos Aires,0,APUÑALAMIENTO,2015-10-06
506,17,MUJER,0,PRINCIPAL,Buenos Aires,0,DISPARO DE BALA,2015-10-07
516,47,MUJER,0,PRINCIPAL,Río Negro,15,ESTRANGULAMIENTO,2015-10-07
524,47,MUJER,0,PRINCIPAL,Buenos Aires,0,DEGOLLAMIENTO,2015-10-08
518,23,MUJER,0,PRINCIPAL,Salta,16,,2015-10-09
519,38,MUJER,0,PRINCIPAL,Buenos Aires,0,,2015-10-10
525,35,MUJER,0,PRINCIPAL,Buenos Aires,0,APUÑALAMIENTO,2015-10-11
521,42,TRANSGENERO,3,PRINCIPAL,Ciudad Autónoma de Bs.As.,4,ACUCHILLAMIENTO,2015-10-11
520,23,MUJER,0,PRINCIPAL,Buenos Aires,0,GOLPES,2015-10-12
534,25,MUJER,0,PRINCIPAL,Buenos Aires,0,,2015-10-18
532,33,MUJER,0,PRINCIPAL,Buenos Aires,0,DISPARO DE BALA,2015-10-19
48,36,MUJER,0,PRINCIPAL,Misiones,13,ESTRANGULAMIENTO,2015-10-21
536,27,MUJER,0,PRINCIPAL,Buenos Aires,0,ESTRANGULAMIENTO,2015-10-22
535,51,MUJER,0,PRINCIPAL,Buenos Aires,0,DISPARO DE BALA,2015-10-22
537,26,MUJER,0,PRINCIPAL,Córdoba,5,APUÑALAMIENTO,2015-10-23
538,55,MUJER,0,PRINCIPAL,Buenos Aires,0,ACUCHILLAMIENTO,2015-10-28
55,42,MUJER,0,PRINCIPAL,Mendoza,12,APUÑALAMIENTO,2015-10-30
573,32,MUJER,0,PRINCIPAL,Santa Fe,20,GOLPES,2015-11-04
785,29,MUJER,0,PRINCIPAL,Buenos Aires,0,GOLPES,2015-11-06
24,17,MUJER,0,PRINCIPAL,Santa Cruz,19,ESTRANGULAMIENTO,2015-11-08
72,23,MUJER,0,PRINCIPAL,Buenos Aires,0,DISPARO DE BALA,2015-11-11
1,56,MUJER,0,PRINCIPAL,Salta,16,GOLPES,2015-11-13
166,17,MUJER,0,PRINCIPAL,Santa Fe,20,GOLPES,2015-11-15
1030,36,MUJER,0,PRINCIPAL,Ciudad Autónoma de Bs.As.,4,ACUCHILLAMIENTO,2015-11-15
77,23,MUJER,0,PRINCIPAL,Buenos Aires,0,ACUCHILLAMIENTO,2015-11-16
427,40,MUJER,0,PRINCIPAL,Buenos Aires,0,DEGOLLAMIENTO,2015-11-19
56,23,MUJER,0,PRINCIPAL,Buenos Aires,0,DEGOLLAMIENTO,2015-11-20
559,19,MUJER,0,PRINCIPAL,Chaco,2,ACUCHILLAMIENTO,2015-11-22
557,35,MUJER,0,PRINCIPAL,Chaco,2,DISPARO DE BALA,2015-11-23
892,23,MUJER,0,PRINCIPAL,Buenos Aires,0,ACUCHILLAMIENTO,2015-11-23
547,25,MUJER,0,PRINCIPAL,Salta,16,DISPARO DE BALA,2015-11-24
548,46,MUJER,0,PRINCIPAL,Salta,16,ASFIXIA,2015-12-01
540,3,MUJER,0,PRINCIPAL,Jujuy,9,ESTRANGULAMIENTO,2015-12-02
541,18,MUJER,0,PRINCIPAL,Buenos Aires,0,APUÑALAMIENTO,2015-12-02
543,21,MUJER,0,PRINCIPAL,,,,2015-12-03
542,16,MUJER,0,PRINCIPAL,Chaco,2,GOLPES,2015-12-06
544,22,MUJER,0,PRINCIPAL,Córdoba,5,GOLPES,2015-12-06
577,73,MUJER,0,PRINCIPAL,Buenos Aires,0,ACUCHILLAMIENTO,2015-12-10
595,45,MUJER,0,PRINCIPAL,Santiago del Estero,21,APUÑALAMIENTO,2015-12-10
553,40,MUJER,0,PRINCIPAL,Buenos Aires,0,APUÑALAMIENTO,2015-12-11
545,45,MUJER,0,PRINCIPAL,Córdoba,5,GOLPES,2015-12-13
911,50,MUJER,0,PRINCIPAL,Ciudad Autónoma de Bs.As.,4,ACUCHILLAMIENTO,2015-12-14
546,50,MUJER,0,PRINCIPAL,Ciudad Autónoma de Bs.As.,4,ACUCHILLAMIENTO,2015-12-15
556,20,MUJER,0,PRINCIPAL,Santa Fe,20,DISPARO DE BALA,2015-12-15
656,71,MUJER,0,PRINCIPAL,Mendoza,12,GOLPES,2015-12-17
576,48,MUJER,0,PRINCIPAL,Buenos Aires,0,DISPARO DE BALA,2015-12-18
570,23,MUJER,0,PRINCIPAL,Buenos Aires,0,GOLPES,2015-12-20
555,20,MUJER,0,PRINCIPAL,Entre Ríos,7,DESCUARTIZAMIENTO,2015-12-22
571,58,MUJER,0,PRINCIPAL,Santiago del Estero,21,APUÑALAMIENTO,2015-12-23
549,62,MUJER,0,PRINCIPAL,Buenos Aires,0,APUÑALAMIENTO,2015-12-24
993,23,MUJER,0,PRINCIPAL,Buenos Aires,0,GOLPES,2015-12-25
550,38,MUJER,0,PRINCIPAL,Buenos Aires,0,GOLPES,2015-12-27
670,26,MUJER,0,PRINCIPAL,Buenos Aires,0,OTROS,2015-12-31
551,54,MUJER,0,PRINCIPAL,Santa Fe,20,ACUCHILLAMIENTO,2016-01-04
552,22,MUJER,0,PRINCIPAL,Salta,16,AHORCAMIENTO,2016-01-04
558,49,MUJER,0,PRINCIPAL,Santa Fe,20,DISPARO DE BALA,2016-01-13
560,19,MUJER,0,PRINCIPAL,Corrientes,6,ESTRANGULAMIENTO,2016-01-13
561,28,MUJER,0,PRINCIPAL,Buenos Aires,0,ACUCHILLAMIENTO,2016-01-15
567,16,MUJER,0,PRINCIPAL,Córdoba,5,DISPARO DE BALA,2016-01-16
562,40,TRANSGENERO,3,PRINCIPAL,Río Negro,15,DISPARO DE BALA,2016-01-17
565,46,MUJER,0,PRINCIPAL,,,QUEMADURAS,2016-01-22
564,37,MUJER,0,PRINCIPAL,Córdoba,5,GOLPES,2016-01-22
566,31,MUJER,0,PRINCIPAL,Salta,16,APUÑALAMIENTO,2016-01-23
594,27,MUJER,0,PRINCIPAL,Neuquen,14,DISPARO DE BALA,2016-01-24
1025,30,MUJER,0,PRINCIPAL,Chubut,3,AHORCAMIENTO,2016-01-24
582,3,MUJER,0,PRINCIPAL,Buenos Aires,0,GOLPES,2016-01-30
605,32,MUJER,0,PRINCIPAL,San Luis,18,DISPARO DE BALA,2016-01-30
606,23,MUJER,0,PRINCIPAL,Buenos Aires,0,DISPARO DE BALA,2016-02-02
574,18,MUJER,0,PRINCIPAL,Buenos Aires,0,DEGOLLAMIENTO,2016-02-04
581,29,MUJER,0,PRINCIPAL,Santa Fe,20,ASFIXIA,2016-02-06
578,36,MUJER,0,PRINCIPAL,Mendoza,12,APUÑALAMIENTO,2016-02-07
579,35,MUJER,0,PRINCIPAL,Santa Fe,20,APUÑALAMIENTO,2016-02-07
589,13,MUJER,0,PRINCIPAL,Mendoza,12,ASFIXIA,2016-02-07
588,21,MUJER,0,PRINCIPAL,Entre Ríos,7,APUÑALAMIENTO,2016-02-07
580,27,MUJER,0,PRINCIPAL,Buenos Aires,0,APUÑALAMIENTO,2016-02-08
586,20,MUJER,0,PRINCIPAL,Ciudad Autónoma de Bs.As.,4,APUÑALAMIENTO,2016-02-09
584,38,MUJER,0,PRINCIPAL,Chaco,2,APUÑALAMIENTO,2016-02-10
593,28,MUJER,0,VINCULADO,Misiones,13,DISPARO DE BALA,2016-02-13
591,39,MUJER,0,PRINCIPAL,Buenos Aires,0,ESTRANGULAMIENTO,2016-02-13
590,50,MUJER,0,PRINCIPAL,Formosa,8,APUÑALAMIENTO,2016-02-15
592,25,MUJER,0,PRINCIPAL,,,GOLPES,2016-02-15
596,33,MUJER,0,PRINCIPAL,Mendoza,12,DISPARO DE BALA,2016-02-17
599,28,MUJER,0,PRINCIPAL,Buenos Aires,0,ACUCHILLAMIENTO,2016-02-21
600,64,MUJER,0,PRINCIPAL,San Juan,17,GOLPES,2016-02-23
602,34,TRANSGENERO,3,PRINCIPAL,Buenos Aires,0,GOLPES,2016-02-23
604,40,MUJER,0,PRINCIPAL,Buenos Aires,0,DISPARO DE BALA,2016-02-26
607,34,MUJER,0,PRINCIPAL,Buenos Aires,0,APUÑALAMIENTO,2016-03-07
608,17,MUJER,0,PRINCIPAL,Buenos Aires,0,APUÑALAMIENTO,2016-03-11
612,28,MUJER,0,PRINCIPAL,Santiago del Estero,21,,2016-03-13
609,26,MUJER,0,PRINCIPAL,Córdoba,5,DISPARO DE BALA,2016-03-13
614,43,MUJER,0,PRINCIPAL,Buenos Aires,0,ACUCHILLAMIENTO,2016-03-13
611,26,MUJER,0,PRINCIPAL,Buenos Aires,0,APUÑALAMIENTO,2016-03-14
618,11,MUJER,0,VINCULADO,Buenos Aires,0,GOLPES,2016-03-17
617,29,MUJER,0,PRINCIPAL,Río Negro,15,GOLPES,2016-03-17
618,32,MUJER,0,PRINCIPAL,Buenos Aires,0,GOLPES,2016-03-17
658,16,MUJER,0,PRINCIPAL,Salta,16,GOLPES,2016-03-18
616,26,MUJER,0,PRINCIPAL,Misiones,13,GOLPES,2016-03-20
634,32,MUJER,0,PRINCIPAL,Salta,16,DISPARO DE BALA,2016-03-21
827,26,MUJER,0,PRINCIPAL,Buenos Aires,0,GOLPES,2016-03-21
624,28,MUJER,0,PRINCIPAL,Río Negro,15,ACUCHILLAMIENTO,2016-03-23
620,27,MUJER,0,PRINCIPAL,Río Negro,15,GOLPES,2016-03-27
622,25,MUJER,0,PRINCIPAL,Santa Fe,20,DISPARO DE BALA,2016-03-28
621,42,MUJER,0,PRINCIPAL,Buenos Aires,0,ACUCHILLAMIENTO,2016-03-29
626,22,MUJER,0,PRINCIPAL,Buenos Aires,0,DISPARO DE BALA,2016-03-30
625,44,MUJER,0,PRINCIPAL,Córdoba,5,APUÑALAMIENTO,2016-03-31
627,30,MUJER,0,PRINCIPAL,Ciudad Autónoma de Bs.As.,4,DISPARO DE BALA,2016-04-01
714,29,TRANSGENERO,3,PRINCIPAL,Formosa,8,QUEMADURAS,2016-04-01
659,25,MUJER,0,PRINCIPAL,Salta,16,DISPARO DE BALA,2016-04-02
628,27,MUJER,0,PRINCIPAL,La Rioja,11,APUÑALAMIENTO,2016-04-04
629,36,MUJER,0,PRINCIPAL,Santiago del Estero,21,DISPARO DE BALA,2016-04-06
629,25,MUJER,0,VINCULADO,Santiago del Estero,21,DISPARO DE BALA,2016-04-06
630,27,MUJER,0,PRINCIPAL,Buenos Aires,0,GOLPES,2016-04-07
631,53,MUJER,0,PRINCIPAL,Santa Fe,20,GOLPES,2016-04-11
657,8,MUJER,0,PRINCIPAL,Mendoza,12,QUEMADURAS,2016-04-12
647,21,MUJER,0,PRINCIPAL,Salta,16,GOLPES,2016-04-18
649,18,MUJER,0,PRINCIPAL,Entre Ríos,7,ESTRANGULAMIENTO,2016-04-22
642,52,MUJER,0,PRINCIPAL,Mendoza,12,GOLPES,2016-04-23
653,13,MUJER,0,PRINCIPAL,Buenos Aires,0,GOLPES,2016-04-23
633,44,MUJER,0,PRINCIPAL,Catamarca,1,ACUCHILLAMIENTO,2016-04-24
637,48,MUJER,0,PRINCIPAL,Santa Fe,20,DISPARO DE BALA,2016-04-24
635,22,MUJER,0,PRINCIPAL,Santa Cruz,19,ESTRANGULAMIENTO,2016-04-24
639,24,,3,PRINCIPAL,Buenos Aires,0,GOLPES,2016-04-26
641,25,MUJER,0,PRINCIPAL,Buenos Aires,0,DISPARO DE BALA,2016-04-26
638,43,MUJER,0,PRINCIPAL,Córdoba,5,APUÑALAMIENTO,2016-04-27
644,62,MUJER,0,PRINCIPAL,Entre Ríos,7,,2016-04-28
643,19,MUJER,0,PRINCIPAL,Córdoba,5,GOLPES,2016-04-28
645,44,MUJER,0,PRINCIPAL,Córdoba,5,,2016-05-03
646,30,MUJER,0,PRINCIPAL,Córdoba,5,DISPARO DE BALA,2016-05-06
648,26,MUJER,0,PRINCIPAL,Buenos Aires,0,ESTRANGULAMIENTO,2016-05-06
648,14,MUJER,0,PRINCIPAL,Buenos Aires,0,ESTRANGULAMIENTO,2016-05-06
650,21,MUJER,0,PRINCIPAL,Santa Fe,20,GOLPES,2016-05-14
651,25,,3,PRINCIPAL,Chubut,3,GOLPES,2016-05-17
652,12,MUJER,0,PRINCIPAL,Santa Fe,20,ESTRANGULAMIENTO,2016-05-25
654,12,MUJER,0,PRINCIPAL,Tucumán,23,ESTRANGULAMIENTO,2016-05-28
655,35,TRANSGENERO,3,PRINCIPAL,Mendoza,12,GOLPES,2016-06-05
660,41,MUJER,0,PRINCIPAL,Buenos Aires,0,DEGOLLAMIENTO,2016-06-07
661,24,MUJER,0,PRINCIPAL,Buenos Aires,0,DISPARO DE BALA,2016-06-08
678,20,MUJER,0,PRINCIPAL,Misiones,13,ASFIXIA,2016-06-13
662,36,MUJER,0,PRINCIPAL,Santiago del Estero,21,AHORCAMIENTO,2016-06-16
666,17,MUJER,0,PRINCIPAL,San Juan,17,ESTRANGULAMIENTO,2016-06-16
663,56,MUJER,0,PRINCIPAL,Chaco,2,QUEMADURAS,2016-06-20
664,58,MUJER,0,PRINCIPAL,Santa Fe,20,DISPARO DE BALA,2016-06-22
665,26,MUJER,0,PRINCIPAL,Córdoba,5,ESTRANGULAMIENTO,2016-06-22
673,42,MUJER,0,PRINCIPAL,Santa Fe,20,DEGOLLAMIENTO,2016-06-23
715,53,TRANSGENERO,3,PRINCIPAL,Buenos Aires,0,ACUCHILLAMIENTO,2016-06-23
668,26,MUJER,0,PRINCIPAL,Formosa,8,GOLPES,2016-06-26
667,25,MUJER,0,PRINCIPAL,Tierra del Fuego,22,DESCUARTIZAMIENTO,2016-07-03
669,21,MUJER,0,PRINCIPAL,Salta,16,ACUCHILLAMIENTO,2016-07-04
671,35,MUJER,0,PRINCIPAL,Mendoza,12,DISPARO DE BALA,2016-07-05
674,38,MUJER,0,PRINCIPAL,Buenos Aires,0,APUÑALAMIENTO,2016-07-06
687,43,MUJER,0,PRINCIPAL,Neuquen,14,ACUCHILLAMIENTO,2016-07-06
679,29,MUJER,0,PRINCIPAL,Buenos Aires,0,DISPARO DE BALA,2016-07-06
675,50,MUJER,0,PRINCIPAL,Córdoba,5,DISPARO DE BALA,2016-07-07
676,17,MUJER,0,PRINCIPAL,Córdoba,5,DISPARO DE BALA,2016-07-10
677,53,MUJER,0,PRINCIPAL,Misiones,13,ESTRANGULAMIENTO,2016-07-11
680,27,MUJER,0,PRINCIPAL,Buenos Aires,0,DISPARO DE BALA,2016-07-12
685,29,MUJER,0,PRINCIPAL,Jujuy,9,GOLPES,2016-07-14
1237,35,MUJER,0,PRINCIPAL,Tucumán,23,ESTRANGULAMIENTO,2016-07-16
703,42,MUJER,0,PRINCIPAL,Buenos Aires,0,DISPARO DE BALA,2016-07-20
684,37,MUJER,0,PRINCIPAL,Santa Fe,20,ACUCHILLAMIENTO,2016-07-23
686,20,MUJER,0,PRINCIPAL,Jujuy,9,AHORCAMIENTO,2016-07-23
689,31,MUJER,0,PRINCIPAL,Córdoba,5,DISPARO DE BALA,2016-07-25
690,25,MUJER,0,PRINCIPAL,Santa Fe,20,GOLPES,2016-07-28
692,18,MUJER,0,PRINCIPAL,Ciudad Autónoma de Bs.As.,4,ASFIXIA,2016-07-29
691,17,MUJER,0,PRINCIPAL,Santa Fe,20,DISPARO DE BALA,2016-07-31
696,18,MUJER,0,PRINCIPAL,Tucumán,23,AHORCAMIENTO,2016-08-07
694,53,MUJER,0,PRINCIPAL,Buenos Aires,0,DISPARO DE BALA,2016-08-08
704,36,MUJER,0,PRINCIPAL,Buenos Aires,0,GOLPES,2016-08-09
1202,39,MUJER,0,PRINCIPAL,Buenos Aires,0,APUÑALAMIENTO,2016-08-10
701,43,MUJER,0,PRINCIPAL,Buenos Aires,0,DISPARO DE BALA,2016-08-13
698,23,MUJER,0,PRINCIPAL,Buenos Aires,0,DISPARO DE BALA,2016-08-14
699,21,MUJER,0,PRINCIPAL,Chaco,2,OTROS,2016-08-14
700,63,MUJER,0,PRINCIPAL,Buenos Aires,0,GOLPES,2016-08-14
706,17,MUJER,0,PRINCIPAL,Santa Fe,20,,2016-08-16
705,37,MUJER,0,PRINCIPAL,Corrientes,6,ACUCHILLAMIENTO,2016-08-19
708,39,MUJER,0,PRINCIPAL,Buenos Aires,0,DISPARO DE BALA,2016-08-21
847,19,MUJER,0,PRINCIPAL,Buenos Aires,0,ESTRANGULAMIENTO,2016-08-21
709,50,MUJER,0,PRINCIPAL,Buenos Aires,0,,2016-08-26
707,21,MUJER,0,PRINCIPAL,Chubut,3,ACUCHILLAMIENTO,2016-08-28
809,39,MUJER,0,PRINCIPAL,Mendoza,12,ESTRANGULAMIENTO,2016-08-29
992,22,MUJER,0,PRINCIPAL,Córdoba,5,ACUCHILLAMIENTO,2016-09-02
710,19,MUJER,0,PRINCIPAL,Buenos Aires,0,DISPARO DE BALA,2016-09-09
750,65,MUJER,0,PRINCIPAL,Mendoza,12,ASFIXIA,2016-09-09
711,36,TRANSGENERO,3,PRINCIPAL,Jujuy,9,ACUCHILLAMIENTO,2016-09-10
717,24,MUJER,0,PRINCIPAL,Santa Fe,20,DISPARO DE BALA,2016-09-12
712,27,MUJER,0,PRINCIPAL,Salta,16,ACUCHILLAMIENTO,2016-09-13
725,54,MUJER,0,VINCULADO,Chubut,3,DISPARO DE BALA,2016-09-13
725,14,MUJER,0,VINCULADO,Chubut,3,DISPARO DE BALA,2016-09-13
718,26,MUJER,0,PRINCIPAL,Mendoza,12,AHORCAMIENTO,2016-09-13
1104,47,MUJER,0,PRINCIPAL,Buenos Aires,0,ACUCHILLAMIENTO,2016-09-14
719,16,MUJER,0,PRINCIPAL,Buenos Aires,0,DISPARO DE BALA,2016-09-16
723,18,MUJER,0,PRINCIPAL,Tucumán,23,,2016-09-18
903,34,MUJER,0,PRINCIPAL,Mendoza,12,ESTRANGULAMIENTO,2016-09-19
722,39,MUJER,0,VINCULADO,Buenos Aires,0,DISPARO DE BALA,2016-09-20
724,44,MUJER,0,PRINCIPAL,Santiago del Estero,21,DISPARO DE BALA,2016-09-21
733,18,MUJER,0,PRINCIPAL,Buenos Aires,0,ACUCHILLAMIENTO,2016-09-21
726,29,MUJER,0,PRINCIPAL,Mendoza,12,DISPARO DE BALA,2016-09-23
727,21,MUJER,0,PRINCIPAL,Mendoza,12,GOLPES,2016-09-27
728,19,MUJER,0,PRINCIPAL,Mendoza,12,DEGOLLAMIENTO,2016-09-28
729,19,MUJER,0,PRINCIPAL,Ciudad Autónoma de Bs.As.,4,APUÑALAMIENTO,2016-09-28
732,30,MUJER,0,PRINCIPAL,Jujuy,9,DISPARO DE BALA,2016-10-01
730,26,MUJER,0,PRINCIPAL,Buenos Aires,0,DISPARO DE BALA,2016-10-03
731,30,MUJER,0,PRINCIPAL,Santa Cruz,19,QUEMADURAS,2016-10-05
735,22,MUJER,0,PRINCIPAL,Buenos Aires,0,ESTRANGULAMIENTO,2016-10-09
736,16,MUJER,0,PRINCIPAL,Buenos Aires,0,GOLPES,2016-10-09
787,49,MUJER,0,PRINCIPAL,Corrientes,6,QUEMADURAS,2016-10-09
744,54,MUJER,0,PRINCIPAL,Buenos Aires,0,ACUCHILLAMIENTO,2016-10-11
743,41,MUJER,0,PRINCIPAL,Córdoba,5,ACUCHILLAMIENTO,2016-10-12
738,55,MUJER,0,PRINCIPAL,Buenos Aires,0,ACUCHILLAMIENTO,2016-10-13
740,28,MUJER,0,PRINCIPAL,Santiago del Estero,21,ACUCHILLAMIENTO,2016-10-14
742,22,MUJER,0,PRINCIPAL,Córdoba,5,,2016-10-14
749,34,MUJER,0,PRINCIPAL,Córdoba,5,DISPARO DE BALA,2016-10-14
739,15,MUJER,0,PRINCIPAL,Mendoza,12,ASFIXIA,2016-10-15
745,63,MUJER,0,PRINCIPAL,Buenos Aires,0,ACUCHILLAMIENTO,2016-10-15
741,38,MUJER,0,PRINCIPAL,Buenos Aires,0,DEGOLLAMIENTO,2016-10-16
746,35,MUJER,0,PRINCIPAL,Jujuy,9,QUEMADURAS,2016-10-17
748,42,MUJER,0,PRINCIPAL,Tucumán,23,APUÑALAMIENTO,2016-10-18
751,41,MUJER,0,PRINCIPAL,Mendoza,12,ACUCHILLAMIENTO,2016-10-19
756,22,MUJER,0,PRINCIPAL,Tucumán,23,QUEMADURAS,2016-10-19
752,65,MUJER,0,VINCULADO,,,ACUCHILLAMIENTO,2016-10-23
753,43,MUJER,0,PRINCIPAL,Córdoba,5,ACUCHILLAMIENTO,2016-10-23
752,31,MUJER,0,PRINCIPAL,,,ACUCHILLAMIENTO,2016-10-23
752,90,MUJER,0,VINCULADO,,,ACUCHILLAMIENTO,2016-10-23
754,53,MUJER,0,PRINCIPAL,Buenos Aires,0,DISPARO DE BALA,2016-10-24
755,26,TRANSGENERO,3,PRINCIPAL,Misiones,13,GOLPES,2016-10-27
757,39,MUJER,0,PRINCIPAL,Ciudad Autónoma de Bs.As.,4,ACUCHILLAMIENTO,2016-10-29
947,30,MUJER,0,PRINCIPAL,Córdoba,5,APUÑALAMIENTO,2016-10-30
1219,90,MUJER,0,PRINCIPAL,Córdoba,5,ACUCHILLAMIENTO,2016-11-04
759,45,MUJER,0,PRINCIPAL,Entre Ríos,7,DISPARO DE BALA,2016-11-05
759,37,MUJER,0,PRINCIPAL,Entre Ríos,7,DISPARO DE BALA,2016-11-05
760,5,MUJER,0,VINCULADO,Entre Ríos,7,APUÑALAMIENTO,2016-11-07
760,7,MUJER,0,PRINCIPAL,Entre Ríos,7,APUÑALAMIENTO,2016-11-07
760,23,MUJER,0,PRINCIPAL,Entre Ríos,7,APUÑALAMIENTO,2016-11-07
761,35,MUJER,0,PRINCIPAL,Entre Ríos,7,OTROS,2016-11-09
764,34,MUJER,0,PRINCIPAL,Mendoza,12,DISPARO DE BALA,2016-11-11
767,35,MUJER,0,PRINCIPAL,Santa Fe,20,OTROS,2016-11-12
765,26,MUJER,0,PRINCIPAL,Ciudad Autónoma de Bs.As.,4,OTROS,2016-11-13
762,34,MUJER,0,PRINCIPAL,Buenos Aires,0,DISPARO DE BALA,2016-11-14
763,39,MUJER,0,PRINCIPAL,Entre Ríos,7,DEGOLLAMIENTO,2016-11-14
766,38,MUJER,0,PRINCIPAL,Santa Fe,20,APUÑALAMIENTO,2016-11-17
1168,25,MUJER,0,PRINCIPAL,Buenos Aires,0,QUEMADURAS,2016-11-20
758,18,MUJER,0,PRINCIPAL,Ciudad Autónoma de Bs.As.,4,ACUCHILLAMIENTO,2016-11-24
758,16,MUJER,0,PRINCIPAL,Ciudad Autónoma de Bs.As.,4,ACUCHILLAMIENTO,2016-11-24
777,24,MUJER,0,PRINCIPAL,Córdoba,5,ESTRANGULAMIENTO,2016-11-28
770,28,MUJER,0,PRINCIPAL,Córdoba,5,ACUCHILLAMIENTO,2016-12-01
776,31,MUJER,0,PRINCIPAL,Buenos Aires,0,ACUCHILLAMIENTO,2016-12-02
779,49,MUJER,0,PRINCIPAL,Buenos Aires,0,ACUCHILLAMIENTO,2016-12-02
779,30,MUJER,0,VINCULADO,Buenos Aires,0,ACUCHILLAMIENTO,2016-12-02
773,15,MUJER,0,PRINCIPAL,Salta,16,AHORCAMIENTO,2016-12-05
775,32,MUJER,0,PRINCIPAL,Jujuy,9,ACUCHILLAMIENTO,2016-12-05
774,18,MUJER,0,PRINCIPAL,Buenos Aires,0,ACUCHILLAMIENTO,2016-12-06
778,40,MUJER,0,PRINCIPAL,Chubut,3,DEGOLLAMIENTO,2016-12-08
789,30,MUJER,0,PRINCIPAL,Mendoza,12,,2016-12-10
781,33,MUJER,0,PRINCIPAL,Buenos Aires,0,GOLPES,2016-12-12
1142,35,MUJER,0,PRINCIPAL,Buenos Aires,0,DISPARO DE BALA,2016-12-14
784,47,MUJER,0,PRINCIPAL,Misiones,13,GOLPES,2016-12-18
786,16,MUJER,0,PRINCIPAL,Chaco,2,,2016-12-18
788,34,MUJER,0,PRINCIPAL,Tucumán,23,ESTRANGULAMIENTO,2016-12-21
795,22,TRANSGENERO,3,PRINCIPAL,Buenos Aires,0,GOLPES,2016-12-22
791,29,MUJER,0,PRINCIPAL,Santiago del Estero,21,ACUCHILLAMIENTO,2016-12-24
804,35,MUJER,0,PRINCIPAL,Buenos Aires,0,GOLPES,2016-12-24
790,15,MUJER,0,VINCULADO,Santa Fe,20,APUÑALAMIENTO,2016-12-25
790,44,MUJER,0,VINCULADO,Santa Fe,20,APUÑALAMIENTO,2016-12-25
799,15,MUJER,0,PRINCIPAL,Buenos Aires,0,DISPARO DE BALA,2016-12-29
798,22,MUJER,0,PRINCIPAL,Ciudad Autónoma de Bs.As.,4,DISPARO DE BALA,2016-12-29
1128,58,MUJER,0,PRINCIPAL,Buenos Aires,0,,2016-12-29
802,42,MUJER,0,PRINCIPAL,Buenos Aires,0,GOLPES,2017-01-04
801,18,MUJER,0,PRINCIPAL,Salta,16,AHORCAMIENTO,2017-01-05
803,35,MUJER,0,PRINCIPAL,Salta,16,ESTRANGULAMIENTO,2017-01-06
805,23,MUJER,0,PRINCIPAL,Buenos Aires,0,DISPARO DE BALA,2017-01-09
1194,38,MUJER,0,PRINCIPAL,Buenos Aires,0,GOLPES,2017-01-11
806,18,MUJER,0,PRINCIPAL,Buenos Aires,0,DISPARO DE BALA,2017-01-12
808,34,MUJER,0,PRINCIPAL,Córdoba,5,ACUCHILLAMIENTO,2017-01-15
811,25,MUJER,0,PRINCIPAL,Buenos Aires,0,DISPARO DE BALA,2017-01-16
813,25,MUJER,0,PRINCIPAL,Buenos Aires,0,ACUCHILLAMIENTO,2017-01-20
1201,19,,3,PRINCIPAL,Buenos Aires,0,GOLPES,2017-01-20
812,39,MUJER,0,PRINCIPAL,Buenos Aires,0,,2017-01-21
818,28,MUJER,0,PRINCIPAL,Salta,16,QUEMADURAS,2017-01-22
1252,23,MUJER,0,PRINCIPAL,Buenos Aires,0,QUEMADURAS,2017-01-24
819,53,MUJER,0,PRINCIPAL,Buenos Aires,0,ACUCHILLAMIENTO,2017-01-25
1216,35,MUJER,0,PRINCIPAL,Buenos Aires,0,DISPARO DE BALA,2017-01-25
823,44,MUJER,0,PRINCIPAL,Salta,16,ACUCHILLAMIENTO,2017-01-27
820,28,MUJER,0,PRINCIPAL,Chubut,3,GOLPES,2017-01-27
821,26,MUJER,0,PRINCIPAL,Salta,16,ACUCHILLAMIENTO,2017-02-01
828,40,MUJER,0,PRINCIPAL,Corrientes,6,QUEMADURAS,2017-02-01
826,50,MUJER,0,PRINCIPAL,Buenos Aires,0,ACUCHILLAMIENTO,2017-02-03
826,15,MUJER,0,PRINCIPAL,Buenos Aires,0,ACUCHILLAMIENTO,2017-02-03
822,28,MUJER,0,PRINCIPAL,Tucumán,23,APUÑALAMIENTO,2017-02-04
825,55,MUJER,0,VINCULADO,Buenos Aires,0,DISPARO DE BALA,2017-02-05
824,32,MUJER,0,PRINCIPAL,Santa Fe,20,GOLPES,2017-02-06
1195,20,MUJER,0,VINCULADO,Buenos Aires,0,ACUCHILLAMIENTO,2017-02-09
831,42,MUJER,0,PRINCIPAL,Buenos Aires,0,ACUCHILLAMIENTO,2017-02-11
897,18,MUJER,0,PRINCIPAL,Buenos Aires,0,ACUCHILLAMIENTO,2017-02-11
830,16,MUJER,0,VINCULADO,Buenos Aires,0,DISPARO DE BALA,2017-02-12
830,17,MUJER,0,PRINCIPAL,Buenos Aires,0,DISPARO DE BALA,2017-02-12
829,42,MUJER,0,PRINCIPAL,Buenos Aires,0,GOLPES,2017-02-12
835,30,MUJER,0,PRINCIPAL,Jujuy,9,DEGOLLAMIENTO,2017-02-15
835,8,MUJER,0,VINCULADO,Jujuy,9,DEGOLLAMIENTO,2017-02-15
834,31,MUJER,0,PRINCIPAL,Mendoza,12,GOLPES,2017-02-15
833,27,MUJER,0,PRINCIPAL,Buenos Aires,0,ACUCHILLAMIENTO,2017-02-17
836,20,MUJER,0,PRINCIPAL,Jujuy,9,ACUCHILLAMIENTO,2017-02-17
837,33,MUJER,0,PRINCIPAL,Santiago del Estero,21,ACUCHILLAMIENTO,2017-02-20
837,11,MUJER,0,VINCULADO,Santiago del Estero,21,ACUCHILLAMIENTO,2017-02-20
837,9,MUJER,0,VINCULADO,Santiago del Estero,21,ACUCHILLAMIENTO,2017-02-20
1149,44,,3,PRINCIPAL,Buenos Aires,0,ESTRANGULAMIENTO,2017-02-20
838,20,MUJER,0,PRINCIPAL,Buenos Aires,0,,2017-02-21
901,18,MUJER,0,PRINCIPAL,Chaco,2,ACUCHILLAMIENTO,2017-02-23
839,22,MUJER,0,PRINCIPAL,Buenos Aires,0,Empalamiento,2017-02-24
842,54,MUJER,0,PRINCIPAL,Salta,16,GOLPES,2017-02-24
840,67,MUJER,0,PRINCIPAL,Santa Fe,20,GOLPES,2017-02-27
841,35,MUJER,0,PRINCIPAL,Entre Ríos,7,GOLPES,2017-02-28
862,22,MUJER,0,PRINCIPAL,Salta,16,,2017-03-01
1150,28,MUJER,0,PRINCIPAL,Buenos Aires,0,DEGOLLAMIENTO,2017-03-01
1151,30,MUJER,0,PRINCIPAL,Entre Ríos,7,DISPARO DE BALA,2017-03-02
843,36,MUJER,0,PRINCIPAL,Córdoba,5,DISPARO DE BALA,2017-03-05
1068,26,MUJER,0,PRINCIPAL,Buenos Aires,0,DISPARO DE BALA,2017-03-07
845,53,MUJER,0,PRINCIPAL,Córdoba,5,GOLPES,2017-03-10
844,43,MUJER,0,PRINCIPAL,Neuquen,14,DISPARO DE BALA,2017-03-12
846,48,MUJER,0,PRINCIPAL,Córdoba,5,DISPARO DE BALA,2017-03-13
929,46,MUJER,0,PRINCIPAL,Córdoba,5,DISPARO DE BALA,2017-03-15
850,17,MUJER,0,PRINCIPAL,Salta,16,,2017-03-18
1207,17,MUJER,0,PRINCIPAL,Salta,16,APUÑALAMIENTO,2017-03-18
853,16,MUJER,0,PRINCIPAL,San Luis,18,DISPARO DE BALA,2017-03-19
1153,36,MUJER,0,PRINCIPAL,Formosa,8,DESCUARTIZAMIENTO,2017-03-19
849,22,MUJER,0,PRINCIPAL,Buenos Aires,0,,2017-03-20
854,36,MUJER,0,PRINCIPAL,Buenos Aires,0,ESTRANGULAMIENTO,2017-03-21
852,50,MUJER,0,PRINCIPAL,Jujuy,9,GOLPES,2017-03-21
1154,67,MUJER,0,PRINCIPAL,Corrientes,6,ABUSO SEXUAL,2017-03-21
867,30,MUJER,0,PRINCIPAL,Buenos Aires,0,GOLPES,2017-03-22
857,31,MUJER,0,PRINCIPAL,Jujuy,9,ESTRANGULAMIENTO,2017-03-22
855,12,MUJER,0,PRINCIPAL,San Luis,18,ESTRANGULAMIENTO,2017-03-22
1155,19,MUJER,0,PRINCIPAL,Buenos Aires,0,QUEMADURAS,2017-03-24
859,42,MUJER,0,PRINCIPAL,La Rioja,11,APUÑALAMIENTO,2017-03-30
860,43,MUJER,0,PRINCIPAL,Buenos Aires,0,GOLPES,2017-03-30
861,36,MUJER,0,PRINCIPAL,Buenos Aires,0,,2017-03-31
866,21,MUJER,0,PRINCIPAL,Entre Ríos,7,ESTRANGULAMIENTO,2017-04-01
864,16,MUJER,0,PRINCIPAL,Misiones,13,ESTRANGULAMIENTO,2017-04-02
894,22,MUJER,0,PRINCIPAL,Buenos Aires,0,DESCUARTIZAMIENTO,2017-04-02
955,21,MUJER,0,PRINCIPAL,Tucumán,23,QUEMADURAS,2017-04-02
872,10,MUJER,0,PRINCIPAL,Corrientes,6,ABUSO SEXUAL,2017-04-04
1157,46,MUJER,0,PRINCIPAL,San Juan,17,DISPARO DE BALA,2017-04-04
868,19,MUJER,0,PRINCIPAL,Córdoba,5,,2017-04-08
875,56,MUJER,0,PRINCIPAL,Buenos Aires,0,DESCUARTIZAMIENTO,2017-04-09
870,43,MUJER,0,PRINCIPAL,Santa Fe,20,GOLPES,2017-04-09
1158,50,MUJER,0,PRINCIPAL,Formosa,8,GOLPES,2017-04-09
883,3,MUJER,0,PRINCIPAL,Buenos Aires,0,ABUSO SEXUAL,2017-04-11
1161,3,MUJER,0,PRINCIPAL,Tucumán,23,GOLPES,2017-04-11
881,49,MUJER,0,PRINCIPAL,Santa Fe,20,ACUCHILLAMIENTO,2017-04-13
874,43,MUJER,0,PRINCIPAL,Santiago del Estero,21,ACUCHILLAMIENTO,2017-04-14
873,16,MUJER,0,PRINCIPAL,Tucumán,23,ABUSO SEXUAL,2017-04-14
885,29,MUJER,0,PRINCIPAL,Santa Fe,20,ACUCHILLAMIENTO,2017-04-16
880,27,MUJER,0,PRINCIPAL,Misiones,13,ACUCHILLAMIENTO,2017-04-17
886,41,MUJER,0,PRINCIPAL,Santa Fe,20,DISPARO DE BALA,2017-04-17
891,35,MUJER,0,PRINCIPAL,Santa Fe,20,GOLPES,2017-04-19
1162,61,MUJER,0,PRINCIPAL,Tierra del Fuego,22,DISPARO DE BALA,2017-04-19
882,48,MUJER,0,PRINCIPAL,Buenos Aires,0,DEGOLLAMIENTO,2017-04-20
933,31,MUJER,0,PRINCIPAL,Buenos Aires,0,QUEMADURAS,2017-04-20
893,21,MUJER,0,PRINCIPAL,Córdoba,5,ESTRANGULAMIENTO,2017-04-22
889,52,MUJER,0,PRINCIPAL,Mendoza,12,AHORCAMIENTO,2017-04-23
1164,24,MUJER,0,PRINCIPAL,Buenos Aires,0,QUEMADURAS,2017-04-25
906,17,MUJER,0,PRINCIPAL,Córdoba,5,ATROPELLAMIENTO,2017-04-26
1167,47,MUJER,0,PRINCIPAL,Salta,16,ESTRANGULAMIENTO,2017-04-26
898,1,MUJER,0,PRINCIPAL,Mendoza,12,ATROPELLAMIENTO,2017-04-27
1169,28,MUJER,0,PRINCIPAL,Buenos Aires,0,ESTRANGULAMIENTO,2017-04-27
896,15,MUJER,0,PRINCIPAL,Salta,16,ACUCHILLAMIENTO,2017-04-29
899,15,MUJER,0,PRINCIPAL,Buenos Aires,0,ACUCHILLAMIENTO,2017-05-04
902,22,MUJER,0,PRINCIPAL,Jujuy,9,QUEMADURAS,2017-05-04
1074,52,MUJER,0,PRINCIPAL,Santa Cruz,19,ESTRANGULAMIENTO,2017-05-05
905,17,MUJER,0,PRINCIPAL,Tucumán,23,QUEMADURAS,2017-05-06
904,50,MUJER,0,PRINCIPAL,Córdoba,5,ACUCHILLAMIENTO,2017-05-09
909,36,MUJER,0,PRINCIPAL,Catamarca,1,ACUCHILLAMIENTO,2017-05-14
910,50,MUJER,0,PRINCIPAL,Chaco,2,DEGOLLAMIENTO,2017-05-14
912,52,MUJER,0,PRINCIPAL,Buenos Aires,0,DISPARO DE BALA,2017-05-16
1172,62,,3,PRINCIPAL,Córdoba,5,ESTRANGULAMIENTO,2017-05-19
914,21,MUJER,0,PRINCIPAL,Buenos Aires,0,DISPARO DE BALA,2017-05-23
916,22,MUJER,0,PRINCIPAL,Salta,16,ESTRANGULAMIENTO,2017-05-27
919,46,MUJER,0,PRINCIPAL,Córdoba,5,DESCUARTIZAMIENTO,2017-05-28
917,35,MUJER,0,PRINCIPAL,Buenos Aires,0,DISPARO DE BALA,2017-05-28
918,40,MUJER,0,PRINCIPAL,Santiago del Estero,21,APUÑALAMIENTO,2017-06-01
941,52,MUJER,0,PRINCIPAL,San Juan,17,ACUCHILLAMIENTO,2017-06-02
921,26,MUJER,0,PRINCIPAL,Salta,16,ENVENENAMIENTO,2017-06-05
924,10,MUJER,0,VINCULADO,Neuquen,14,DISPARO DE BALA,2017-06-08
925,18,MUJER,0,PRINCIPAL,Santa Fe,20,DISPARO DE BALA,2017-06-10
928,33,MUJER,0,PRINCIPAL,Neuquen,14,ACUCHILLAMIENTO,2017-06-11
926,39,MUJER,0,PRINCIPAL,Salta,16,ACUCHILLAMIENTO,2017-06-11
922,29,MUJER,0,PRINCIPAL,Buenos Aires,0,DISPARO DE BALA,2017-06-12
934,19,MUJER,0,PRINCIPAL,Formosa,8,ABUSO SEXUAL,2017-06-16
927,46,MUJER,0,PRINCIPAL,Córdoba,5,DESCUARTIZAMIENTO,2017-06-17
930,27,MUJER,0,PRINCIPAL,Buenos Aires,0,ACUCHILLAMIENTO,2017-06-19
982,18,MUJER,0,PRINCIPAL,Ciudad Autónoma de Bs.As.,4,DISPARO DE BALA,2017-06-20
932,20,MUJER,0,PRINCIPAL,Córdoba,5,DISPARO DE BALA,2017-06-22
935,17,MUJER,0,PRINCIPAL,Santiago del Estero,21,DISPARO DE BALA,2017-06-25
936,37,MUJER,0,PRINCIPAL,Tucumán,23,DISPARO DE BALA,2017-06-27
937,25,MUJER,0,PRINCIPAL,Chaco,2,ASFIXIA,2017-06-27
944,32,MUJER,0,PRINCIPAL,Ciudad Autónoma de Bs.As.,4,ACUCHILLAMIENTO,2017-06-28
940,31,MUJER,0,PRINCIPAL,San Luis,18,GOLPES,2017-06-28
1209,19,MUJER,0,PRINCIPAL,Santa Fe,20,AHOGAMIENTO,2017-07-01
946,27,MUJER,0,PRINCIPAL,Chubut,3,ACUCHILLAMIENTO,2017-07-03
942,23,MUJER,0,PRINCIPAL,Buenos Aires,0,DISPARO DE BALA,2017-07-03
950,19,MUJER,0,PRINCIPAL,Buenos Aires,0,ESTRANGULAMIENTO,2017-07-05
951,7,MUJER,0,VINCULADO,Ciudad Autónoma de Bs.As.,4,ACUCHILLAMIENTO,2017-07-06
951,43,MUJER,0,PRINCIPAL,Ciudad Autónoma de Bs.As.,4,ACUCHILLAMIENTO,2017-07-06
954,19,MUJER,0,PRINCIPAL,Buenos Aires,0,OTROS,2017-07-08
952,26,MUJER,0,PRINCIPAL,Buenos Aires,0,QUEMADURAS,2017-07-08
953,31,MUJER,0,PRINCIPAL,Santiago del Estero,21,ESTRANGULAMIENTO,2017-07-09
958,38,MUJER,0,PRINCIPAL,Entre Ríos,7,ACUCHILLAMIENTO,2017-07-12
961,37,MUJER,0,PRINCIPAL,Santa Fe,20,GOLPES,2017-07-12
971,39,MUJER,0,PRINCIPAL,Jujuy,9,GOLPES,2017-07-13
966,13,MUJER,0,PRINCIPAL,Chaco,2,DISPARO DE BALA,2017-07-14
965,27,MUJER,0,VINCULADO,Córdoba,5,DISPARO DE BALA,2017-07-14
964,66,MUJER,0,PRINCIPAL,Córdoba,5,DISPARO DE BALA,2017-07-15
970,18,MUJER,0,PRINCIPAL,Buenos Aires,0,DISPARO DE BALA,2017-07-15
967,73,MUJER,0,PRINCIPAL,Ciudad Autónoma de Bs.As.,4,ESTRANGULAMIENTO,2017-07-15
1159,16,MUJER,0,PRINCIPAL,Buenos Aires,0,AHORCAMIENTO,2017-07-17
1160,5,,3,PRINCIPAL,Córdoba,5,ABUSO SEXUAL,2017-07-19
969,55,MUJER,0,PRINCIPAL,Buenos Aires,0,DISPARO DE BALA,2017-07-20
1166,60,,3,VINCULADO,,,QUEMADURAS,2017-07-20
1166,20,,3,VINCULADO,,,QUEMADURAS,2017-07-20
1166,23,,3,VINCULADO,,,QUEMADURAS,2017-07-20
1166,1,,3,VINCULADO,,,QUEMADURAS,2017-07-20
974,67,MUJER,0,PRINCIPAL,Ciudad Autónoma de Bs.As.,4,GOLPES,2017-07-21
975,67,MUJER,0,VINCULADO,Corrientes,6,DISPARO DE BALA,2017-07-25
976,36,TRANSGENERO,3,PRINCIPAL,Santa Fe,20,DISPARO DE BALA,2017-07-25
977,27,MUJER,0,PRINCIPAL,Corrientes,6,GOLPES,2017-07-28
979,16,MUJER,0,PRINCIPAL,Buenos Aires,0,ASFIXIA,2017-08-04
980,41,MUJER,0,PRINCIPAL,Córdoba,5,ACUCHILLAMIENTO,2017-08-07
981,22,MUJER,0,PRINCIPAL,Buenos Aires,0,AHORCAMIENTO,2017-08-08
983,80,MUJER,0,VINCULADO,Buenos Aires,0,ACUCHILLAMIENTO,2017-08-09
983,46,MUJER,0,PRINCIPAL,Buenos Aires,0,ACUCHILLAMIENTO,2017-08-09
1171,2,,3,PRINCIPAL,Buenos Aires,0,GOLPES,2017-08-09
1000,31,TRANSGENERO,3,PRINCIPAL,Tucumán,23,ASFIXIA,2017-08-12
986,21,MUJER,0,PRINCIPAL,Salta,16,ENVENENAMIENTO,2017-08-17
987,20,MUJER,0,PRINCIPAL,Santa Fe,20,DISPARO DE BALA,2017-08-19
990,27,MUJER,0,PRINCIPAL,Jujuy,9,GOLPES,2017-08-20
978,65,MUJER,0,VINCULADO,Buenos Aires,0,ACUCHILLAMIENTO,2017-08-23
978,36,MUJER,0,PRINCIPAL,Buenos Aires,0,ACUCHILLAMIENTO,2017-08-23
991,19,MUJER,0,PRINCIPAL,Salta,16,ESTRANGULAMIENTO,2017-08-26
994,20,MUJER,0,PRINCIPAL,Córdoba,5,APUÑALAMIENTO,2017-08-27
1163,23,MUJER,0,PRINCIPAL,Corrientes,6,ACUCHILLAMIENTO,2017-09-03
995,0,MUJER,0,PRINCIPAL,Buenos Aires,0,ABUSO SEXUAL,2017-09-05
1004,13,MUJER,0,PRINCIPAL,Buenos Aires,0,ACUCHILLAMIENTO,2017-09-07
1005,43,TRANSGENERO,3,PRINCIPAL,Buenos Aires,0,GOLPES,2017-09-09
999,29,MUJER,0,PRINCIPAL,Buenos Aires,0,DISPARO DE BALA,2017-09-09
998,19,MUJER,0,PRINCIPAL,Buenos Aires,0,ACUCHILLAMIENTO,2017-09-09
1001,22,MUJER,0,PRINCIPAL,Santiago del Estero,21,ESTRANGULAMIENTO,2017-09-11
1002,47,MUJER,0,PRINCIPAL,Catamarca,1,DISPARO DE BALA,2017-09-12
1059,21,MUJER,0,PRINCIPAL,Santiago del Estero,21,AHORCAMIENTO,2017-09-12
1006,31,MUJER,0,PRINCIPAL,Buenos Aires,0,DISPARO DE BALA,2017-09-17
1045,74,MUJER,0,PRINCIPAL,Buenos Aires,0,DISPARO DE BALA,2017-09-20
1007,39,MUJER,0,PRINCIPAL,Buenos Aires,0,ACUCHILLAMIENTO,2017-09-21
1008,25,MUJER,0,PRINCIPAL,Salta,16,GOLPES,2017-09-21
1050,25,MUJER,0,PRINCIPAL,Chaco,2,ACUCHILLAMIENTO,2017-09-23
1165,49,MUJER,0,PRINCIPAL,Santiago del Estero,21,DISPARO DE BALA,2017-09-27
1017,36,MUJER,0,PRINCIPAL,Neuquen,14,APUÑALAMIENTO,2017-09-28
1010,35,MUJER,0,PRINCIPAL,Córdoba,5,DEGOLLAMIENTO,2017-09-29
1177,42,MUJER,0,PRINCIPAL,Tucumán,23,ACUCHILLAMIENTO,2017-09-29
1009,40,MUJER,0,PRINCIPAL,Buenos Aires,0,ESTRANGULAMIENTO,2017-09-30
1011,51,MUJER,0,PRINCIPAL,Ciudad Autónoma de Bs.As.,4,DISPARO DE BALA,2017-09-30
1012,25,MUJER,0,PRINCIPAL,Buenos Aires,0,ACUCHILLAMIENTO,2017-10-06
1013,62,MUJER,0,PRINCIPAL,Santiago del Estero,21,DESCUARTIZAMIENTO,2017-10-06
1170,25,,3,PRINCIPAL,Buenos Aires,0,DISPARO DE BALA,2017-10-07
1178,24,MUJER,0,PRINCIPAL,Santa Fe,20,DISPARO DE BALA,2017-10-08
1014,29,MUJER,0,PRINCIPAL,Catamarca,1,AHORCAMIENTO,2017-10-09
1015,43,MUJER,0,PRINCIPAL,Córdoba,5,GOLPES,2017-10-17
1016,26,TRANSGENERO,3,PRINCIPAL,Córdoba,5,ACUCHILLAMIENTO,2017-10-18
1018,20,MUJER,0,PRINCIPAL,Santa Fe,20,ACUCHILLAMIENTO,2017-10-20
1019,37,MUJER,0,PRINCIPAL,Buenos Aires,0,ACUCHILLAMIENTO,2017-10-23
1021,33,MUJER,0,PRINCIPAL,Santa Fe,20,ACUCHILLAMIENTO,2017-10-24
1021,2,MUJER,0,VINCULADO,Santa Fe,20,ACUCHILLAMIENTO,2017-10-24
1020,22,MUJER,0,PRINCIPAL,Chaco,2,GOLPES,2017-10-24
1022,27,MUJER,0,PRINCIPAL,Entre Ríos,7,ACUCHILLAMIENTO,2017-10-25
1023,54,MUJER,0,PRINCIPAL,Entre Ríos,7,DISPARO DE BALA,2017-10-28
1024,23,MUJER,0,PRINCIPAL,Buenos Aires,0,ASFIXIA,2017-10-29
1173,24,MUJER,0,PRINCIPAL,Santa Fe,20,OTROS,2017-11-06
1026,22,MUJER,0,PRINCIPAL,Santa Fe,20,GOLPES,2017-11-07
1175,14,MUJER,0,PRINCIPAL,Buenos Aires,0,DISPARO DE BALA,2017-11-09
1027,26,MUJER,0,PRINCIPAL,Buenos Aires,0,ACUCHILLAMIENTO,2017-11-11
1180,31,MUJER,0,PRINCIPAL,Tucumán,23,GOLPES,2017-11-20
1061,35,MUJER,0,PRINCIPAL,Jujuy,9,QUEMADURAS,2017-11-21
1147,23,,3,PRINCIPAL,Buenos Aires,0,GOLPES,2017-11-22
1184,30,MUJER,0,PRINCIPAL,Tucumán,23,GOLPES,2017-11-23
1185,21,MUJER,0,PRINCIPAL,Buenos Aires,0,ESTRANGULAMIENTO,2017-11-24
1028,44,MUJER,0,PRINCIPAL,Entre Ríos,7,ACUCHILLAMIENTO,2017-11-25
1187,85,MUJER,0,PRINCIPAL,Santiago del Estero,21,DISPARO DE BALA,2017-11-25
1036,22,MUJER,0,PRINCIPAL,Catamarca,1,QUEMADURAS,2017-11-27
1031,34,MUJER,0,PRINCIPAL,Formosa,8,ACUCHILLAMIENTO,2017-11-29
1190,3,MUJER,0,PRINCIPAL,Mendoza,12,GOLPES,2017-11-29
1032,38,MUJER,0,PRINCIPAL,Salta,16,DISPARO DE BALA,2017-12-01
1039,26,MUJER,0,PRINCIPAL,Misiones,13,ASFIXIA,2017-12-02
1040,32,MUJER,0,PRINCIPAL,Buenos Aires,0,GOLPES,2017-12-02
1182,20,MUJER,0,PRINCIPAL,Santa Fe,20,DISPARO DE BALA,2017-12-03
1034,19,MUJER,0,PRINCIPAL,Buenos Aires,0,DISPARO DE BALA,2017-12-06
1035,75,MUJER,0,PRINCIPAL,Buenos Aires,0,ACUCHILLAMIENTO,2017-12-06
1048,17,MUJER,0,PRINCIPAL,Salta,16,ASFIXIA,2017-12-07
1037,20,MUJER,0,PRINCIPAL,Córdoba,5,DISPARO DE BALA,2017-12-08
1041,64,MUJER,0,PRINCIPAL,Buenos Aires,0,ACUCHILLAMIENTO,2017-12-08
1043,42,MUJER,0,PRINCIPAL,Buenos Aires,0,ASFIXIA,2017-12-08
1047,20,MUJER,0,PRINCIPAL,Tucumán,23,QUEMADURAS,2017-12-08
1042,43,MUJER,0,PRINCIPAL,Misiones,13,DISPARO DE BALA,2017-12-09
1038,32,MUJER,0,PRINCIPAL,Buenos Aires,0,ACUCHILLAMIENTO,2017-12-11
1057,41,MUJER,0,PRINCIPAL,Chaco,2,DISPARO DE BALA,2017-12-13
1198,48,MUJER,0,VINCULADO,Buenos Aires,0,DISPARO DE BALA,2017-12-13
1066,26,MUJER,0,PRINCIPAL,Salta,16,GOLPES,2017-12-17
1053,24,MUJER,0,PRINCIPAL,Salta,16,ACUCHILLAMIENTO,2017-12-18
1044,42,MUJER,0,PRINCIPAL,Córdoba,5,DISPARO DE BALA,2017-12-19
1049,52,MUJER,0,PRINCIPAL,Ciudad Autónoma de Bs.As.,4,ESTRANGULAMIENTO,2017-12-19
1192,47,MUJER,0,PRINCIPAL,Córdoba,5,DISPARO DE BALA,2017-12-22
1065,50,MUJER,0,PRINCIPAL,Corrientes,6,OTROS,2017-12-24
1196,30,MUJER,0,PRINCIPAL,Buenos Aires,0,GOLPES,2017-12-24
1199,17,,3,PRINCIPAL,Santiago del Estero,21,DEGOLLAMIENTO,2017-12-24
1055,53,MUJER,0,PRINCIPAL,Córdoba,5,DISPARO DE BALA,2017-12-25
1060,18,MUJER,0,PRINCIPAL,Santa Fe,20,QUEMADURAS,2017-12-25
1078,49,MUJER,0,PRINCIPAL,Santa Fe,20,OTROS,2017-12-28
1062,34,TRANSGENERO,3,PRINCIPAL,Buenos Aires,0,DISPARO DE BALA,2017-12-29
1064,19,MUJER,0,VINCULADO,Santa Fe,20,DISPARO DE BALA,2017-12-29
1064,35,MUJER,0,PRINCIPAL,Santa Fe,20,DISPARO DE BALA,2017-12-29
1183,29,MUJER,0,PRINCIPAL,Santa Fe,20,DISPARO DE BALA,2017-12-31
1067,16,MUJER,0,PRINCIPAL,Corrientes,6,ABUSO SEXUAL,2018-01-02
1063,60,MUJER,0,PRINCIPAL,Jujuy,9,,2018-01-04
1058,23,MUJER,0,PRINCIPAL,Santa Fe,20,AHORCAMIENTO,2018-01-06
1051,31,MUJER,0,PRINCIPAL,La Rioja,11,GOLPES,2018-01-08
1052,25,MUJER,0,PRINCIPAL,Buenos Aires,0,QUEMADURAS,2018-01-10
1054,39,MUJER,0,PRINCIPAL,Neuquen,14,DISPARO DE BALA,2018-01-11
1113,16,MUJER,0,PRINCIPAL,Formosa,8,ABUSO SEXUAL,2018-01-13
1200,28,,3,PRINCIPAL,Buenos Aires,0,AHOGAMIENTO,2018-01-13
1291,70,MUJER,0,VINCULADO,Tucumán,23,ACUCHILLAMIENTO,2018-01-13
1101,47,MUJER,0,PRINCIPAL,Neuquen,14,ACUCHILLAMIENTO,2018-01-14
1070,4,MUJER,0,PRINCIPAL,Córdoba,5,ABUSO SEXUAL,2018-01-15
1071,53,MUJER,0,PRINCIPAL,Buenos Aires,0,ESTRANGULAMIENTO,2018-01-22
1072,50,MUJER,0,PRINCIPAL,Tucumán,23,DISPARO DE BALA,2018-01-24
1073,38,MUJER,0,PRINCIPAL,San Luis,18,AHORCAMIENTO,2018-01-28
1116,20,MUJER,0,PRINCIPAL,Chaco,2,APUÑALAMIENTO,2018-01-29
1076,43,MUJER,0,PRINCIPAL,Buenos Aires,0,DISPARO DE BALA,2018-02-01
1082,27,MUJER,0,PRINCIPAL,Corrientes,6,ACUCHILLAMIENTO,2018-02-04
1081,38,MUJER,0,PRINCIPAL,Chubut,3,QUEMADURAS,2018-02-05
1094,59,MUJER,0,PRINCIPAL,Mendoza,12,DISPARO DE BALA,2018-02-05
1084,54,MUJER,0,PRINCIPAL,Ciudad Autónoma de Bs.As.,4,DEGOLLAMIENTO,2018-02-08
1083,45,TRANSGENERO,3,PRINCIPAL,Santa Fe,20,ACUCHILLAMIENTO,2018-02-09
1086,14,MUJER,0,PRINCIPAL,Córdoba,5,DISPARO DE BALA,2018-02-10
1087,25,MUJER,0,PRINCIPAL,Mendoza,12,GOLPES,2018-02-13
1087,51,MUJER,0,VINCULADO,Mendoza,12,GOLPES,2018-02-13
1077,19,MUJER,0,PRINCIPAL,Santa Fe,20,ACUCHILLAMIENTO,2018-02-14
1080,64,MUJER,0,PRINCIPAL,Misiones,13,DISPARO DE BALA,2018-02-14
1085,60,MUJER,0,PRINCIPAL,Jujuy,9,QUEMADURAS,2018-02-14
1222,16,MUJER,0,PRINCIPAL,Salta,16,GOLPES,2018-02-16
1089,32,MUJER,0,PRINCIPAL,Mendoza,12,GOLPES,2018-02-20
1079,30,MUJER,0,PRINCIPAL,Neuquen,14,ACUCHILLAMIENTO,2018-02-22
1079,7,MUJER,0,VINCULADO,Neuquen,14,ACUCHILLAMIENTO,2018-02-22
1088,11,MUJER,0,PRINCIPAL,Buenos Aires,0,ABUSO SEXUAL,2018-02-25
1091,23,MUJER,0,PRINCIPAL,Buenos Aires,0,QUEMADURAS,2018-02-28
1106,21,MUJER,0,PRINCIPAL,Buenos Aires,0,ASFIXIA,2018-02-28
1090,31,MUJER,0,PRINCIPAL,Buenos Aires,0,DEGOLLAMIENTO,2018-03-02
1123,59,MUJER,0,PRINCIPAL,Mendoza,12,APUÑALAMIENTO,2018-03-05
1092,43,MUJER,0,PRINCIPAL,Mendoza,12,DISPARO DE BALA,2018-03-08
1097,30,MUJER,0,PRINCIPAL,Buenos Aires,0,DISPARO DE BALA,2018-03-25
1105,30,MUJER,0,PRINCIPAL,Buenos Aires,0,DISPARO DE BALA,2018-03-25
1098,44,MUJER,0,PRINCIPAL,Salta,16,ACUCHILLAMIENTO,2018-03-26
1217,32,MUJER,0,PRINCIPAL,Córdoba,5,ESTRANGULAMIENTO,2018-03-26
1100,69,MUJER,0,PRINCIPAL,Neuquen,14,GOLPES,2018-03-29
1102,26,MUJER,0,PRINCIPAL,Tucumán,23,OTROS,2018-03-30
1103,23,MUJER,0,PRINCIPAL,Buenos Aires,0,ACUCHILLAMIENTO,2018-04-02
1108,31,MUJER,0,PRINCIPAL,Buenos Aires,0,QUEMADURAS,2018-04-06
1108,11,MUJER,0,VINCULADO,Buenos Aires,0,QUEMADURAS,2018-04-06
1108,8,MUJER,0,VINCULADO,Buenos Aires,0,QUEMADURAS,2018-04-06
1111,16,MUJER,0,PRINCIPAL,Santa Fe,20,OTROS,2018-04-13
1107,18,MUJER,0,PRINCIPAL,Chaco,2,DEGOLLAMIENTO,2018-04-15
1107,22,MUJER,0,PRINCIPAL,Chaco,2,DEGOLLAMIENTO,2018-04-15
1114,30,MUJER,0,PRINCIPAL,Mendoza,12,DISPARO DE BALA,2018-04-16
1118,57,MUJER,0,PRINCIPAL,Córdoba,5,DISPARO DE BALA,2018-04-18
1112,38,MUJER,0,PRINCIPAL,Buenos Aires,0,DISPARO DE BALA,2018-04-20
1115,38,MUJER,0,PRINCIPAL,Chaco,2,,2018-04-21
1109,51,MUJER,0,PRINCIPAL,Buenos Aires,0,DISPARO DE BALA,2018-04-23
1110,50,MUJER,0,PRINCIPAL,Córdoba,5,APUÑALAMIENTO,2018-05-02
1122,43,,3,PRINCIPAL,Buenos Aires,0,,2018-05-03
1119,44,MUJER,0,PRINCIPAL,Buenos Aires,0,APUÑALAMIENTO,2018-05-10
1120,60,MUJER,0,PRINCIPAL,Buenos Aires,0,ACUCHILLAMIENTO,2018-05-14
1130,30,MUJER,0,PRINCIPAL,Misiones,13,AHORCAMIENTO,2018-05-15
1121,38,MUJER,0,PRINCIPAL,Córdoba,5,ABUSO SEXUAL,2018-05-18
1131,33,MUJER,0,PRINCIPAL,Buenos Aires,0,,2018-05-28
1126,56,MUJER,0,PRINCIPAL,Río Negro,15,APUÑALAMIENTO,2018-05-29
1125,68,MUJER,0,PRINCIPAL,Buenos Aires,0,ESTRANGULAMIENTO,2018-06-03
1127,40,MUJER,0,PRINCIPAL,Córdoba,5,DISPARO DE BALA,2018-06-05
1145,60,MUJER,0,PRINCIPAL,Río Negro,15,DISPARO DE BALA,2018-06-05
1129,58,MUJER,0,PRINCIPAL,Entre Ríos,7,GOLPES,2018-06-07
1129,30,MUJER,0,PRINCIPAL,Entre Ríos,7,GOLPES,2018-06-07
1138,19,MUJER,0,PRINCIPAL,Corrientes,6,GOLPES,2018-06-11
1132,25,MUJER,0,PRINCIPAL,Chubut,3,APUÑALAMIENTO,2018-06-14
1134,38,MUJER,0,PRINCIPAL,Corrientes,6,APUÑALAMIENTO,2018-06-17
1189,48,MUJER,0,PRINCIPAL,Buenos Aires,0,GOLPES,2018-06-18
1133,30,MUJER,0,PRINCIPAL,Santiago del Estero,21,DISPARO DE BALA,2018-06-19
1136,35,MUJER,0,PRINCIPAL,Buenos Aires,0,ESTRANGULAMIENTO,2018-06-19
1137,27,,3,PRINCIPAL,San Juan,17,DESCUARTIZAMIENTO,2018-06-19
1141,24,MUJER,0,PRINCIPAL,San Juan,17,APUÑALAMIENTO,2018-06-27
1139,43,MUJER,0,VINCULADO,Córdoba,5,,2018-06-28
1140,30,MUJER,0,PRINCIPAL,Río Negro,15,ACUCHILLAMIENTO,2018-06-28
1148,19,MUJER,0,PRINCIPAL,Santa Fe,20,DISPARO DE BALA,2018-07-05
1144,37,MUJER,0,PRINCIPAL,Chubut,3,DISPARO DE BALA,2018-07-08
1181,39,MUJER,0,PRINCIPAL,Ciudad Autónoma de Bs.As.,4,DISPARO DE BALA,2018-07-08
1146,26,MUJER,0,PRINCIPAL,Tucumán,23,AHORCAMIENTO,2018-07-16
1174,28,MUJER,0,PRINCIPAL,Buenos Aires,0,DISPARO DE BALA,2018-07-17
1176,22,MUJER,0,PRINCIPAL,Mendoza,12,ACUCHILLAMIENTO,2018-07-22
1176,47,MUJER,0,VINCULADO,Mendoza,12,ACUCHILLAMIENTO,2018-07-22
1188,17,MUJER,0,PRINCIPAL,Misiones,13,DISPARO DE BALA,2018-07-22
1186,19,MUJER,0,PRINCIPAL,Entre Ríos,7,ACUCHILLAMIENTO,2018-07-25
1193,29,MUJER,0,VINCULADO,Tucumán,23,DISPARO DE BALA,2018-08-03
1193,23,MUJER,0,PRINCIPAL,Tucumán,23,DISPARO DE BALA,2018-08-03
1197,52,MUJER,0,PRINCIPAL,Misiones,13,ACUCHILLAMIENTO,2018-08-20
1205,15,MUJER,0,PRINCIPAL,Córdoba,5,GOLPES,2018-08-24
1206,33,MUJER,0,PRINCIPAL,Buenos Aires,0,GOLPES,2018-08-24
1204,38,MUJER,0,PRINCIPAL,Córdoba,5,GOLPES,2018-08-25
1203,16,MUJER,0,PRINCIPAL,Santa Fe,20,ABUSO SEXUAL,2018-08-25
1227,29,MUJER,0,PRINCIPAL,Formosa,8,DISPARO DE BALA,2018-08-30
1218,22,MUJER,0,PRINCIPAL,La Pampa,10,ACUCHILLAMIENTO,2018-09-04
1212,22,MUJER,0,PRINCIPAL,Misiones,13,ESTRANGULAMIENTO,2018-09-10
1220,39,MUJER,0,PRINCIPAL,Córdoba,5,DISPARO DE BALA,2018-09-11
1213,43,MUJER,0,PRINCIPAL,Santiago del Estero,21,GOLPES,2018-09-12
1210,20,MUJER,0,PRINCIPAL,Córdoba,5,DISPARO DE BALA,2018-09-16
1210,54,MUJER,0,PRINCIPAL,Córdoba,5,DISPARO DE BALA,2018-09-16
1225,29,MUJER,0,PRINCIPAL,Misiones,13,ACUCHILLAMIENTO,2018-09-16
1292,28,MUJER,0,PRINCIPAL,Jujuy,9,ESTRANGULAMIENTO,2018-09-16
1221,30,MUJER,0,PRINCIPAL,Formosa,8,DISPARO DE BALA,2018-09-18
1215,39,MUJER,0,PRINCIPAL,Salta,16,APUÑALAMIENTO,2018-09-21
1226,14,MUJER,0,PRINCIPAL,Tucumán,23,,2018-09-21
1224,27,MUJER,0,PRINCIPAL,Entre Ríos,7,DISPARO DE BALA,2018-09-24
1228,23,MUJER,0,PRINCIPAL,Buenos Aires,0,DISPARO DE BALA,2018-10-01
1229,49,MUJER,0,PRINCIPAL,Buenos Aires,0,GOLPES,2018-10-03
1245,40,MUJER,0,PRINCIPAL,Corrientes,6,GOLPES,2018-10-05
1230,55,MUJER,0,PRINCIPAL,Río Negro,15,GOLPES,2018-10-10
1311,40,TRANSGENERO,3,PRINCIPAL,Santa Fe,20,AHORCAMIENTO,2018-10-10
1238,19,MUJER,0,PRINCIPAL,Chaco,2,ACUCHILLAMIENTO,2018-10-13
1235,30,MUJER,0,PRINCIPAL,Buenos Aires,0,ACUCHILLAMIENTO,2018-10-14
1240,25,MUJER,0,PRINCIPAL,Buenos Aires,0,Empalamiento,2018-10-14
1239,56,MUJER,0,PRINCIPAL,Córdoba,5,ESTRANGULAMIENTO,2018-10-15
1234,10,MUJER,0,PRINCIPAL,Buenos Aires,0,ABUSO SEXUAL,2018-10-18
1236,23,MUJER,0,PRINCIPAL,Santa Fe,20,QUEMADURAS,2018-10-22
1233,49,MUJER,0,PRINCIPAL,Salta,16,ACUCHILLAMIENTO,2018-10-25
1247,9,MUJER,0,PRINCIPAL,Buenos Aires,0,ABUSO SEXUAL,2018-10-25
1231,58,MUJER,0,PRINCIPAL,Corrientes,6,ACUCHILLAMIENTO,2018-10-27
1232,19,MUJER,0,PRINCIPAL,Tucumán,23,ACUCHILLAMIENTO,2018-10-27
1241,46,MUJER,0,PRINCIPAL,Mendoza,12,GOLPES,2018-10-28
1242,41,MUJER,0,PRINCIPAL,Entre Ríos,7,DISPARO DE BALA,2018-10-30
1248,17,MUJER,0,PRINCIPAL,Córdoba,5,ABUSO SEXUAL,2018-11-04
1243,39,MUJER,0,PRINCIPAL,Mendoza,12,DEGOLLAMIENTO,2018-11-05
1244,37,MUJER,0,PRINCIPAL,Buenos Aires,0,APUÑALAMIENTO,2018-11-06
1253,20,MUJER,0,PRINCIPAL,Santa Fe,20,APUÑALAMIENTO,2018-11-07
1250,39,MUJER,0,PRINCIPAL,Buenos Aires,0,GOLPES,2018-11-09
1223,27,MUJER,0,PRINCIPAL,Salta,16,GOLPES,2018-11-10
1251,29,MUJER,0,PRINCIPAL,Buenos Aires,0,DISPARO DE BALA,2018-11-14
1303,33,MUJER,0,PRINCIPAL,Buenos Aires,0,ACUCHILLAMIENTO,2018-11-17
1254,34,MUJER,0,PRINCIPAL,Buenos Aires,0,,2018-11-21
1299,15,MUJER,0,PRINCIPAL,Buenos Aires,0,ASFIXIA,2018-11-21
1307,27,MUJER,0,PRINCIPAL,Buenos Aires,0,DISPARO DE BALA,2018-11-28
1257,34,MUJER,0,PRINCIPAL,Entre Ríos,7,APUÑALAMIENTO,2018-12-02
1308,63,MUJER,0,PRINCIPAL,Mendoza,12,DISPARO DE BALA,2018-12-02
1293,20,MUJER,0,PRINCIPAL,Buenos Aires,0,ESTRANGULAMIENTO,2018-12-08
1298,35,MUJER,0,PRINCIPAL,Buenos Aires,0,QUEMADURAS,2018-12-08
1255,46,MUJER,0,PRINCIPAL,Buenos Aires,0,APUÑALAMIENTO,2018-12-09
1256,56,MUJER,0,PRINCIPAL,Buenos Aires,0,GOLPES,2018-12-09
1261,51,MUJER,0,PRINCIPAL,Buenos Aires,0,GOLPES,2018-12-16
1287,30,MUJER,0,PRINCIPAL,Buenos Aires,0,DISPARO DE BALA,2018-12-17
1259,27,MUJER,0,PRINCIPAL,Santiago del Estero,21,DISPARO DE BALA,2019-01-01
1265,32,MUJER,0,PRINCIPAL,Chaco,2,,2019-01-04
1258,61,MUJER,0,PRINCIPAL,Buenos Aires,0,ACUCHILLAMIENTO,2019-01-06
1260,24,MUJER,0,PRINCIPAL,Córdoba,5,ABUSO SEXUAL,2019-01-07
1262,33,MUJER,0,PRINCIPAL,Buenos Aires,0,DISPARO DE BALA,2019-01-08
1266,10,MUJER,0,VINCULADO,Buenos Aires,0,APUÑALAMIENTO,2019-01-08
1267,64,MUJER,0,PRINCIPAL,San Juan,17,QUEMADURAS,2019-01-10
1263,17,MUJER,0,PRINCIPAL,Santa Fe,20,,2019-01-13
1264,38,MUJER,0,PRINCIPAL,Santa Fe,20,GOLPES,2019-01-15
1271,26,MUJER,0,PRINCIPAL,Buenos Aires,0,,2019-01-16
1277,47,MUJER,0,PRINCIPAL,Buenos Aires,0,ENVENENAMIENTO,2019-01-16
1269,28,MUJER,0,PRINCIPAL,Ciudad Autónoma de Bs.As.,4,AHOGAMIENTO,2019-01-19
1275,23,,3,PRINCIPAL,Corrientes,6,ACUCHILLAMIENTO,2019-01-20
1270,49,MUJER,0,PRINCIPAL,Mendoza,12,APUÑALAMIENTO,2019-01-21
1274,32,,3,PRINCIPAL,Corrientes,6,GOLPES,2019-01-21
1282,65,MUJER,0,PRINCIPAL,Santa Fe,20,ASFIXIA,2019-01-21
1272,32,MUJER,0,PRINCIPAL,Buenos Aires,0,DISPARO DE BALA,2019-01-22
1273,33,TRANSGENERO,3,PRINCIPAL,Entre Ríos,7,,2019-01-25
1278,13,MUJER,0,PRINCIPAL,Chaco,2,,2019-01-25
1280,31,MUJER,0,PRINCIPAL,Buenos Aires,0,QUEMADURAS,2019-01-25
1279,40,MUJER,0,PRINCIPAL,Río Negro,15,DISPARO DE BALA,2019-01-30
1286,32,MUJER,0,PRINCIPAL,Entre Ríos,7,GOLPES,2019-02-02
1288,20,MUJER,0,PRINCIPAL,Buenos Aires,0,DISPARO DE BALA,2019-02-02
1284,64,MUJER,0,PRINCIPAL,Buenos Aires,0,GOLPES,2019-02-04
1283,34,MUJER,0,PRINCIPAL,Buenos Aires,0,QUEMADURAS,2019-02-05
1290,26,MUJER,0,PRINCIPAL,Buenos Aires,0,OTROS,2019-02-08
1289,25,MUJER,0,PRINCIPAL,Buenos Aires,0,ACUCHILLAMIENTO,2019-02-11
1296,47,MUJER,0,PRINCIPAL,Buenos Aires,0,QUEMADURAS,2019-02-11
1297,21,MUJER,0,PRINCIPAL,Buenos Aires,0,DISPARO DE BALA,2019-02-18
1294,24,MUJER,0,PRINCIPAL,Buenos Aires,0,QUEMADURAS,2019-02-22
1305,49,MUJER,0,PRINCIPAL,Formosa,8,ACUCHILLAMIENTO,2019-03-02
1295,38,MUJER,0,PRINCIPAL,Buenos Aires,0,QUEMADURAS,2019-03-04
1304,20,MUJER,0,PRINCIPAL,Misiones,13,ASFIXIA,2019-03-04
1306,30,MUJER,0,PRINCIPAL,Buenos Aires,0,DISPARO DE BALA,2019-03-04
1301,13,MUJER,0,PRINCIPAL,Corrientes,6,DISPARO DE BALA,2019-03-06
1345,29,MUJER,0,PRINCIPAL,Catamarca,1,SUICIDIO INDUCIDO,2019-03-07
1300,43,MUJER,0,PRINCIPAL,Buenos Aires,0,DISPARO DE BALA,2019-03-12
1312,44,MUJER,0,PRINCIPAL,Mendoza,12,DISPARO DE BALA,2019-03-14
1315,59,MUJER,0,PRINCIPAL,Buenos Aires,0,APUÑALAMIENTO,2019-03-16
1313,54,MUJER,0,PRINCIPAL,Buenos Aires,0,OTROS,2019-03-17
1314,37,MUJER,0,PRINCIPAL,Ciudad Autónoma de Bs.As.,4,DESCUARTIZAMIENTO,2019-03-17
1342,27,MUJER,0,PRINCIPAL,Chubut,3,DISPARO DE BALA,2019-03-18
1316,59,MUJER,0,PRINCIPAL,Catamarca,1,GOLPES,2019-03-27
1320,27,MUJER,0,PRINCIPAL,Tucumán,23,APUÑALAMIENTO,2019-03-28
1329,38,MUJER,0,PRINCIPAL,Catamarca,1,ASFIXIA,2019-03-29
1343,27,MUJER,0,PRINCIPAL,Misiones,13,DEGOLLAMIENTO,2019-04-04
1319,11,MUJER,0,PRINCIPAL,La Rioja,11,ABUSO SEXUAL,2019-04-14
1322,18,MUJER,0,PRINCIPAL,Salta,16,ABUSO SEXUAL,2019-04-14
1317,45,MUJER,0,PRINCIPAL,Córdoba,5,ASFIXIA,2019-04-20
1318,38,MUJER,0,PRINCIPAL,Buenos Aires,0,ESTRANGULAMIENTO,2019-04-23
1340,25,MUJER,0,PRINCIPAL,Mendoza,12,GOLPES,2019-05-08
1323,99,MUJER,0,PRINCIPAL,Chaco,2,DISPARO DE BALA,2019-05-14
1324,11,MUJER,0,PRINCIPAL,La Rioja,11,ABUSO SEXUAL,2019-05-14
1341,40,MUJER,0,PRINCIPAL,Chubut,3,ACUCHILLAMIENTO,2019-05-17
1326,51,MUJER,0,PRINCIPAL,Buenos Aires,0,DISPARO DE BALA,2019-05-18
1335,10,MUJER,0,VINCULADO,Santa Fe,20,ACUCHILLAMIENTO,2019-05-26
1335,34,MUJER,0,PRINCIPAL,Santa Fe,20,ACUCHILLAMIENTO,2019-05-26
1333,18,MUJER,0,PRINCIPAL,Córdoba,5,ACUCHILLAMIENTO,2019-06-01
1334,43,MUJER,0,PRINCIPAL,Buenos Aires,0,DISPARO DE BALA,2019-06-12
1328,62,MUJER,0,PRINCIPAL,Buenos Aires,0,DISPARO DE BALA,2019-06-23
1331,85,MUJER,0,PRINCIPAL,Buenos Aires,0,GOLPES,2019-06-24
1330,30,MUJER,0,PRINCIPAL,La Pampa,10,ACUCHILLAMIENTO,2019-06-25
1336,19,MUJER,0,PRINCIPAL,Córdoba,5,DISPARO DE BALA,2019-07-07
1349,37,TRANSGENERO,3,PRINCIPAL,Entre Ríos,7,ACUCHILLAMIENTO,2019-07-18
1351,22,MUJER,0,PRINCIPAL,Misiones,13,ACUCHILLAMIENTO,2019-08-07
1348,16,MUJER,0,PRINCIPAL,Chaco,2,OTROS,2019-08-12
1346,15,MUJER,0,PRINCIPAL,Buenos Aires,0,GOLPES,2019-08-21
1347,16,MUJER,0,PRINCIPAL,Buenos Aires,0,ASFIXIA,2019-08-25
1352,18,MUJER,0,PRINCIPAL,Río Negro,15,DESCUARTIZAMIENTO,2019-09-13
